loss,accuracy,F1,TP,FP,epoch,model
0.6858768463134766,0.5290377935007342,0.0,0,0,1,Pro_PPO
0.684034526348114,0.5290377935007342,0.0,0,0,2,Pro_PPO
0.6822050213813782,0.5290377935007342,0.0,0,0,3,Pro_PPO
0.680385947227478,0.5290377935007342,0.0,0,0,4,Pro_PPO
0.6785780191421509,0.5290377935007342,0.0,0,0,5,Pro_PPO
0.6767793297767639,0.5290377935007342,0.0,0,0,6,Pro_PPO
0.6749877333641052,0.5290487209428951,4.6403675171073546e-05,29,0,7,Pro_PPO
0.6732000708580017,0.5330074694719295,0.016716822423233132,10535,0,8,Pro_PPO
0.67141193151474,0.5342972844552614,0.022088413789829328,13958,0,9,Pro_PPO
0.6696150898933411,0.5351462336686551,0.0256081157396474,16211,0,10,Pro_PPO
0.6678026914596558,0.535979356931333,0.029050046755720677,18422,0,11,Pro_PPO
0.6659749150276184,0.5362838180784357,0.030304892750937278,19230,0,12,Pro_PPO
0.6641354560852051,0.5376086762383524,0.03574981416320007,22748,2,13,Pro_PPO
0.6622811555862427,0.5392677634050512,0.04252226855386543,27151,2,14,Pro_PPO
0.6604176759719849,0.541001081816774,0.049555450654827624,31756,7,15,Pro_PPO
0.6585453152656555,0.5442680102145208,0.062665512422974,40429,10,16,Pro_PPO
0.6566629409790039,0.5485342343574607,0.07952128047792054,51754,13,17,Pro_PPO
0.6547732949256897,0.5515758313616836,0.0913700467806699,59835,22,18,Pro_PPO
0.6528772115707397,0.5618709891106155,0.13052675973555455,87276,141,19,Pro_PPO
0.6509714722633362,0.5691418830394417,0.1576979769712247,107039,608,20,Pro_PPO
0.649051308631897,0.5724781441736574,0.17030148398245226,116441,1156,21,Pro_PPO
0.6471099257469177,0.5762417059771978,0.1842012295750893,126963,1690,22,Pro_PPO
0.6451468467712402,0.5815249358577985,0.2033624994799445,141752,2458,23,Pro_PPO
0.6431617140769958,0.5832601383112731,0.2115404494614319,148364,4465,24,Pro_PPO
0.6411542296409607,0.5862542574633488,0.22282227486642145,157406,5561,25,Pro_PPO
0.6391157507896423,0.5974646826953403,0.2614007359194222,189039,7443,26,Pro_PPO
0.6370415687561035,0.6127804349046618,0.31203765071331496,233050,10808,27,Pro_PPO
0.6349320411682129,0.6243804799709406,0.34846774609951237,266578,13551,28,Pro_PPO
0.6327919363975525,0.6391008749866705,0.392491543345074,309395,17302,29,Pro_PPO
0.6306306719779968,0.6586994309063484,0.44767038050421276,367068,22963,30,Pro_PPO
0.6284517049789429,0.6727306434492434,0.4873721425746782,412870,31528,31,Pro_PPO
0.6262538433074951,0.6848084815037969,0.5189091446584794,451116,37721,32,Pro_PPO
0.6240491271018982,0.6964145555036816,0.5471878386216386,486798,42602,33,Pro_PPO
0.621836245059967,0.704376892755445,0.5672996579960587,514296,48969,34,Pro_PPO
0.6196117997169495,0.7105727524606528,0.5829240957496487,536767,54997,35,Pro_PPO
0.6173776388168335,0.7154723914405723,0.5962441189036176,557544,62771,36,Pro_PPO
0.6151326894760132,0.720099597983171,0.6087739210352373,577938,70885,37,Pro_PPO
0.6128746867179871,0.726102531812987,0.6236778807573989,602335,79351,38,Pro_PPO
0.610600471496582,0.7319366555018353,0.6383507200653953,627854,89387,39,Pro_PPO
0.608304500579834,0.737989704842251,0.652634660450794,653208,98677,40,Pro_PPO
0.6059892773628235,0.7448924570127614,0.6672430334653178,678781,105931,41,Pro_PPO
0.6036543846130371,0.7508411304401235,0.6795943099504154,701254,112617,42,Pro_PPO
0.6012930274009705,0.7551209196836769,0.6887185085165971,718935,118940,43,Pro_PPO
0.5989066958427429,0.7588746844701076,0.6967470377964987,735127,125170,44,Pro_PPO
0.5965104699134827,0.7620598454558232,0.7034495843348089,748948,130538,45,Pro_PPO
0.5941133499145508,0.7647593004779061,0.7091873430174926,761219,135645,46,Pro_PPO
0.5917206406593323,0.7668298623632138,0.7138177534802561,771733,140664,47,Pro_PPO
0.589333176612854,0.7692712036652902,0.7190890823844608,783728,146180,48,Pro_PPO
0.5869446992874146,0.7736037460778961,0.7272884897846543,801165,152119,49,Pro_PPO
0.5845555663108826,0.7771728747726433,0.7342343880893228,816871,158353,50,Pro_PPO
0.5821595788002014,0.7807774234523256,0.7411652696955137,832966,164882,51,Pro_PPO
0.5797516107559204,0.7843665229896427,0.7481195776515727,849850,172241,52,Pro_PPO
0.5773259401321411,0.7884541399745052,0.7556986531583613,868314,179857,53,Pro_PPO
0.5748767852783203,0.7919512982743308,0.7623404473285715,885540,187802,54,Pro_PPO
0.5724011063575745,0.7948384038549001,0.7680254950748151,901324,195924,55,Pro_PPO
0.5698994994163513,0.798034869091127,0.7736279608993405,915873,201990,56,Pro_PPO
0.5673797726631165,0.7998563606568373,0.7771626015953187,926222,207505,57,Pro_PPO
0.5648550987243652,0.8011925230672652,0.7799969059986515,935290,213027,58,Pro_PPO
0.5623383522033691,0.8024717874167866,0.7827438036805748,944335,218677,59,Pro_PPO
0.5598306059837341,0.8032702443112302,0.7847583899064282,951764,223987,60,Pro_PPO
0.5573276877403259,0.8037084724227157,0.7863999803183507,958944,230004,61,Pro_PPO
0.5548274517059326,0.8039662093343718,0.7878452497950829,965981,236357,62,Pro_PPO
0.5523273348808289,0.8042209317792249,0.7892635426561525,972967,242667,63,Pro_PPO
0.5498340725898743,0.8045280305847802,0.7907364565453727,980104,248989,64,Pro_PPO
0.5473535656929016,0.8047891587715897,0.7921021414847049,986926,255118,65,Pro_PPO
0.5448900461196899,0.8050446348331436,0.7933641498266273,993234,260748,66,Pro_PPO
0.5424456596374512,0.805481732519578,0.7947057265548011,999170,265524,67,Pro_PPO
0.5400193929672241,0.8056083401253038,0.7955700571495598,1003832,269850,68,Pro_PPO
0.5376102924346924,0.8056162531006618,0.7962476346282136,1007987,273984,69,Pro_PPO
0.535221517086029,0.8059983367679414,0.7973103579956026,1012630,277613,70,Pro_PPO
0.532850980758667,0.8063544206590454,0.7982902695298241,1016930,280968,71,Pro_PPO
0.5304994583129883,0.8067451709183837,0.7992943429645031,1021238,284239,72,Pro_PPO
0.5281664133071899,0.8071189648019552,0.8003035155922358,1025707,287716,73,Pro_PPO
0.5258491635322571,0.8073160355692011,0.8010682663429968,1029581,291067,74,Pro_PPO
0.5235457420349121,0.8074693965678035,0.8017192704276871,1032978,294057,75,Pro_PPO
0.5212534070014954,0.8077222349709048,0.8024279509391913,1036237,296645,76,Pro_PPO
0.5189689993858337,0.8080990433212792,0.8032263947403399,1039436,298844,77,Pro_PPO
0.5166928172111511,0.8084555040207335,0.8039697046823542,1042403,300865,78,Pro_PPO
0.5144250988960266,0.8089163406332415,0.8047968657315647,1045376,302615,79,Pro_PPO
0.5121623873710632,0.8093971480883193,0.8056313067950175,1048308,304271,80,Pro_PPO
0.5099021196365356,0.8098553470423747,0.8064344504552609,1051174,305921,81,Pro_PPO
0.5076441168785095,0.810300357704167,0.8071996348022432,1053875,307441,82,Pro_PPO
0.5053872466087341,0.8107404698574044,0.8079528995758882,1056539,308937,83,Pro_PPO
0.5031338930130005,0.811286465157097,0.8088169556369339,1059384,310333,84,Pro_PPO
0.5008864402770996,0.8118569529995641,0.8096924745158051,1062189,311624,85,Pro_PPO
0.4986526668071747,0.8124221655251258,0.8105574851764649,1064970,312905,86,Pro_PPO
0.49644729495048523,0.8129236974394742,0.8113304487474244,1067491,314095,87,Pro_PPO
0.49426987767219543,0.8134519827466993,0.8121114229047103,1069930,315132,88,Pro_PPO
0.49211353063583374,0.8139757463537198,0.812870187514925,1072253,316065,89,Pro_PPO
0.4899754822254181,0.81452927782042,0.813663267759087,1074660,317003,90,Pro_PPO
0.48785626888275146,0.8149562016813943,0.8142995003940278,1076701,317911,91,Pro_PPO
0.4857542812824249,0.8153465751323822,0.8148590038082573,1078417,318591,92,Pro_PPO
0.4836678206920624,0.8157075575320409,0.8153597571794765,1079891,319107,93,Pro_PPO
0.48159828782081604,0.8161491769186798,0.8159329880728186,1081418,319462,94,Pro_PPO
0.47954487800598145,0.8166895200931169,0.8165973996205895,1083027,319637,95,Pro_PPO
0.4775124192237854,0.8171929360492172,0.8171949336410066,1084376,319650,96,Pro_PPO
0.47550147771835327,0.8177242358232453,0.817814234816472,1085722,319586,97,Pro_PPO
0.47350791096687317,0.8183056511078731,0.8184633919075363,1086991,319312,98,Pro_PPO
0.47152823209762573,0.8189141965937279,0.8191307188509345,1088234,318940,99,Pro_PPO
0.46956223249435425,0.8195999877914094,0.8198753464167174,1089584,318470,100,Pro_PPO
0.46760860085487366,0.8203671695927719,0.8206973486848737,1091017,317867,101,Pro_PPO
0.46566587686538696,0.8211950175385446,0.8215968813243769,1092661,317314,102,Pro_PPO
0.4637328088283539,0.8220624303611067,0.8225490737640574,1094462,316813,103,Pro_PPO
0.46180811524391174,0.8230055816620941,0.8235993513599584,1096541,316389,104,Pro_PPO
0.45989111065864563,0.8240376597337699,0.8247512360794469,1098847,315956,105,Pro_PPO
0.45798200368881226,0.8251613022345866,0.8260116189991222,1101420,315547,106,Pro_PPO
0.4560813307762146,0.8264258710584433,0.8274417651591519,1104425,315196,107,Pro_PPO
0.45419028401374817,0.8277002368994099,0.8288814900443044,1107464,314853,108,Pro_PPO
0.45230939984321594,0.8289866606075884,0.8303267236896266,1110491,314466,109,Pro_PPO
0.4504390060901642,0.8301460999016907,0.8316112306496922,1113095,313993,110,Pro_PPO
0.4485781788825989,0.8312475107098354,0.832814745102841,1115450,313425,111,Pro_PPO
0.446725457906723,0.8322501977301818,0.8339013151758231,1117532,312846,112,Pro_PPO
0.44488170742988586,0.8332185951906443,0.8349204170626295,1119306,312050,113,Pro_PPO
0.4430469274520874,0.8341142686394845,0.835861740867216,1120942,311309,114,Pro_PPO
0.4412204921245575,0.835044608456559,0.8368194535872733,1122482,310380,115,Pro_PPO
0.4394034743309021,0.8359406587137497,0.8377376773029822,1123934,309454,116,Pro_PPO
0.43759700655937195,0.8368238974870275,0.8386227888555488,1125202,308378,117,Pro_PPO
0.4358019232749939,0.8377237158277218,0.839519505016832,1126453,307241,118,Pro_PPO
0.4340192675590515,0.8385941431170868,0.8403917193726111,1127704,306182,119,Pro_PPO
0.4322488605976105,0.8395527435604395,0.8413548950527866,1129105,305039,120,Pro_PPO
0.43048998713493347,0.8405482712221289,0.8423574483874164,1130581,303873,121,Pro_PPO
0.42874348163604736,0.8416504356469743,0.8434863476671686,1132380,302747,122,Pro_PPO
0.4270098805427551,0.8428076140909744,0.8446807259015129,1134353,301649,123,Pro_PPO
0.42528393864631653,0.843853634071614,0.845784101016341,1136349,300869,124,Pro_PPO
0.42356613278388977,0.8448476544999018,0.8468399302184579,1138318,300200,125,Pro_PPO
0.42185845971107483,0.8458077621766561,0.8478582231945141,1140215,299549,126,Pro_PPO
0.4201606810092926,0.846741493268884,0.8488338297525981,1141937,298793,127,Pro_PPO
0.4184732139110565,0.8475821526985695,0.8497001598132032,1143385,298010,128,Pro_PPO
0.4167950749397278,0.8483033638811863,0.850436468294053,1144568,297279,129,Pro_PPO
0.41512545943260193,0.8489827493369115,0.8511284786710845,1145670,296578,130,Pro_PPO
0.41346365213394165,0.8496790911684036,0.8518250539315025,1146686,295746,131,Pro_PPO
0.41181039810180664,0.8504805625296501,0.8526213787675693,1147807,294740,132,Pro_PPO
0.410165935754776,0.8513370479100513,0.8534620633096539,1148911,293571,133,Pro_PPO
0.4085303246974945,0.8521569828804663,0.8542700614704626,1149997,292481,134,Pro_PPO
0.4069027602672577,0.8530044248604585,0.8551028617507019,1151098,291333,135,Pro_PPO
0.40528586506843567,0.8538375481231364,0.8559223257697036,1152187,290211,136,Pro_PPO
0.4036809504032135,0.8545655418560599,0.8566487745669721,1153236,289328,137,Pro_PPO
0.40208700299263,0.8552811009134211,0.8573634606978425,1154274,288467,138,Pro_PPO
0.4004996716976166,0.8559525733937885,0.8580327582717329,1155236,287647,139,Pro_PPO
0.39891955256462097,0.856680567126712,0.8587504488890391,1156204,286683,140,Pro_PPO
0.3973490595817566,0.8574142129848911,0.8594644702156217,1157091,285623,141,Pro_PPO
0.39578625559806824,0.8581855396781077,0.860208351982397,1157957,284442,142,Pro_PPO
0.39422765374183655,0.859014894857282,0.860998152120529,1158789,283073,143,Pro_PPO
0.3926747739315033,0.8598265400439886,0.861771059920437,1159600,281730,144,Pro_PPO
0.3911305367946625,0.8606174607714246,0.862520306801343,1160349,280380,145,Pro_PPO
0.38959556818008423,0.8614019757569044,0.8632665677592944,1161119,279068,146,Pro_PPO
0.388070285320282,0.8621171580059152,0.8639510894196739,1161860,277911,147,Pro_PPO
0.3865540623664856,0.8627939058031877,0.864602122997303,1162592,276847,148,Pro_PPO
0.38504675030708313,0.8634574653081972,0.8652468660634931,1163372,275866,149,Pro_PPO
0.383545458316803,0.8640829671698188,0.8658577855857719,1164138,274972,150,Pro_PPO
0.3820483386516571,0.86469791839763,0.8664641107933521,1164948,274150,151,Pro_PPO
0.38055509328842163,0.8653023189916307,0.8670596329422265,1165740,273338,152,Pro_PPO
0.3790713846683502,0.8658859951263608,0.8676309192060704,1166466,272515,153,Pro_PPO
0.3776029348373413,0.8664613814773826,0.8681859264521552,1167098,271620,154,Pro_PPO
0.3761490285396576,0.8670910282308584,0.8687895312256461,1167750,270601,155,Pro_PPO
0.37470781803131104,0.8676958056332095,0.8693672879122384,1168354,269600,156,Pro_PPO
0.373273640871048,0.8683390174872987,0.8699810410491984,1168987,268526,157,Pro_PPO
0.3718439042568207,0.8689980552921037,0.8706040774033723,1169573,267363,158,Pro_PPO
0.37041983008384705,0.8696310933207329,0.8712119068925316,1170231,266341,159,Pro_PPO
0.36900249123573303,0.8702694066662673,0.87182415880509,1170886,265302,160,Pro_PPO
0.36759671568870544,0.8708557204594499,0.8723875778839688,1171497,264357,161,Pro_PPO
0.3661990463733673,0.8713979476756388,0.8729110228582387,1172086,263507,162,Pro_PPO
0.3648108243942261,0.8718949578897828,0.8733913890622649,1172631,262733,163,Pro_PPO
0.36343324184417725,0.872409301288044,0.8738798568093942,1173102,261839,164,Pro_PPO
0.36206597089767456,0.8729357025535172,0.8743770298451972,1173553,260893,165,Pro_PPO
0.3607046604156494,0.8734085970332371,0.8748267003485554,1173989,260074,166,Pro_PPO
0.35934746265411377,0.8738732017292489,0.8752643037027487,1174371,259223,167,Pro_PPO
0.35800182819366455,0.8742899517647631,0.8756563469984704,1174707,258453,168,Pro_PPO
0.35667094588279724,0.8747473971021177,0.8760792606002403,1174994,257526,169,Pro_PPO
0.355352520942688,0.8752266973237941,0.8765207806145546,1175275,256535,170,Pro_PPO
0.3540431261062622,0.8757323741299966,0.876984514797742,1175546,255464,171,Pro_PPO
0.3527410328388214,0.8761883122339498,0.8774066838690806,1175832,254540,172,Pro_PPO
0.3514457046985626,0.876608076736267,0.8778003419706676,1176148,253742,173,Pro_PPO
0.35015854239463806,0.8770063631626128,0.8781750953317043,1176460,252997,174,Pro_PPO
0.348880797624588,0.8773560413117603,0.8785071218392744,1176766,252375,175,Pro_PPO
0.3476096987724304,0.8776834877682357,0.8788216795903832,1177092,251832,176,Pro_PPO
0.346344918012619,0.8780180935833682,0.8791445096027632,1177440,251292,177,Pro_PPO
0.3450877070426941,0.8783489313149971,0.8794633823251591,1177780,250754,178,Pro_PPO
0.3438403904438019,0.8787215947735174,0.8798187668333148,1178120,250105,179,Pro_PPO
0.34260353446006775,0.8791017943990453,0.8801803598383424,1178455,249431,180,Pro_PPO
0.34137752652168274,0.8794997040170408,0.8805528620967344,1178738,248658,181,Pro_PPO
0.3401620388031006,0.8799303959615188,0.8809494187556158,1178968,247745,182,Pro_PPO
0.33895638585090637,0.8803754066233112,0.8813586938648601,1179198,246794,183,Pro_PPO
0.3377600908279419,0.880795924742329,0.88174473172092,1179405,245885,184,Pro_PPO
0.3365730047225952,0.8812484715711288,0.882163855845144,1179667,244946,185,Pro_PPO
0.3353947401046753,0.8816919749995196,0.8825794860594601,1179977,244079,186,Pro_PPO
0.33422529697418213,0.8820895078091646,0.8829545577809921,1180282,243329,187,Pro_PPO
0.3330647051334381,0.8824572727591301,0.8833071412245338,1180627,242698,188,Pro_PPO
0.3319128453731537,0.882818255158789,0.8836562868852612,1181000,242113,189,Pro_PPO
0.33076971769332886,0.8831705709663891,0.8839981412764581,1181376,241554,190,Pro_PPO
0.3296353220939636,0.883502539123069,0.8843220882779811,1181751,241048,191,Pro_PPO
0.328509658575058,0.8838571157807714,0.8846660145886858,1182127,240483,192,Pro_PPO
0.3273926377296448,0.8842286488142407,0.8850218810273867,1182468,239838,193,Pro_PPO
0.3262839913368225,0.884604326739564,0.8853766687090227,1182753,239126,194,Pro_PPO
0.3251834511756897,0.8849894248736467,0.8857405435150852,1183046,238397,195,Pro_PPO
0.3240911662578583,0.8853846968331895,0.8861118745071728,1183320,237622,196,Pro_PPO
0.32300707697868347,0.8858131279275654,0.8865117947784572,1183585,236750,197,Pro_PPO
0.3219313621520996,0.8862185737125683,0.8868923094441762,1183858,235947,198,Pro_PPO
0.3208636939525604,0.8865885995126361,0.8872386029049513,1184094,235201,199,Pro_PPO
0.31980374455451965,0.8869680455214632,0.8875970502712911,1184374,234474,200,Pro_PPO
0.31875142455101013,0.8873267670710198,0.8879387429441732,1184671,233819,201,Pro_PPO
0.31770679354667664,0.8876677786281086,0.8882665546265102,1184988,233231,202,Pro_PPO
0.3166698217391968,0.8879782687088172,0.8885675378752526,1185306,232725,203,Pro_PPO
0.31564056873321533,0.8882929036813799,0.8888695626096474,1185592,232176,204,Pro_PPO
0.3146188259124756,0.8886327848134177,0.8891962251871136,1185905,231587,205,Pro_PPO
0.3136042654514313,0.8889979121049306,0.8895438107075968,1186200,230913,206,Pro_PPO
0.3125961422920227,0.8893841406640645,0.8899082018314631,1186471,230159,207,Pro_PPO
0.31159520149230957,0.8897726300733005,0.8902723414311194,1186713,229370,208,Pro_PPO
0.31060194969177246,0.8901690324578945,0.8906413499861743,1186927,228532,209,Pro_PPO
0.30961641669273376,0.8905722173927952,0.8910198219808171,1187181,227716,210,Pro_PPO
0.308638334274292,0.8909716342441921,0.8913960861648778,1187447,226922,211,Pro_PPO
0.3076678514480591,0.8913804713043485,0.891781031740907,1187715,226105,212,Pro_PPO
0.306705504655838,0.8917618013549274,0.8921409523437611,1187974,225352,213,Pro_PPO
0.3057507872581482,0.892147653105711,0.89250462503596,1188228,224582,214,Pro_PPO
0.30480262637138367,0.8925233310310343,0.8928609125203636,1188501,223858,215,Pro_PPO
0.3038609027862549,0.8929005161897592,0.8932198665116842,1188789,223145,216,Pro_PPO
0.3029261529445648,0.8932908896407471,0.8935916464076773,1189089,222409,217,Pro_PPO
0.30199822783470154,0.8936872920253411,0.8939689235068499,1189389,221657,218,Pro_PPO
0.3010769486427307,0.89408859291849,0.8943530021112486,1189718,220921,219,Pro_PPO
0.30016231536865234,0.8944687925440178,0.8947184419595499,1190048,220242,220,Pro_PPO
0.29925453662872314,0.8948324126021292,0.8950671195820746,1190352,219581,221,Pro_PPO
0.29835328459739685,0.8952088441441534,0.895429933671244,1190689,218919,222,Pro_PPO
0.29745787382125854,0.8955483484678407,0.8957583346965176,1191007,218336,223,Pro_PPO
0.2965677082538605,0.8958923744917326,0.8960910797670052,1191328,217744,224,Pro_PPO
0.29568320512771606,0.8962205745649088,0.8964093421421331,1191644,217189,225,Pro_PPO
0.2948060631752014,0.8965408616627272,0.896718480398039,1191933,216628,226,Pro_PPO
0.29393690824508667,0.8968619023772462,0.8970260325142141,1192192,216035,227,Pro_PPO
0.29307493567466736,0.8971667403326992,0.8973145079482618,1192391,215425,228,Pro_PPO
0.2922196388244629,0.8974889114722694,0.8976187653707708,1192592,214771,229,Pro_PPO
0.29137077927589417,0.897800531978029,0.8979124337825742,1192777,214129,230,Pro_PPO
0.290527880191803,0.8981121524837887,0.8982048236540883,1192944,213469,231,Pro_PPO
0.28969088196754456,0.8984256570313003,0.8985010010019433,1193137,212830,232,Pro_PPO
0.2888599634170532,0.8987380311537608,0.8987951952422414,1193316,212180,233,Pro_PPO
0.288035124540329,0.8990488980428197,0.8990896596195547,1193515,211554,234,Pro_PPO
0.2872161567211151,0.8993119102713811,0.8993424048837654,1193730,211071,235,Pro_PPO
0.28640270233154297,0.8995990382343665,0.8996179506315813,1193959,210538,236,Pro_PPO
0.285595178604126,0.8998835285388992,0.899891261509664,1194189,210013,237,Pro_PPO
0.2847937345504761,0.9001842216024981,0.9001806483898026,1194438,209464,238,Pro_PPO
0.28399857878685,0.900454769998067,0.9004398014675123,1194645,208953,239,Pro_PPO
0.28320935368537903,0.9007784483710387,0.9007493523591916,1194885,208334,240,Pro_PPO
0.28242599964141846,0.9010968514271052,0.9010539378855951,1195121,207725,241,Pro_PPO
0.2816484272480011,0.9014175153332737,0.9013567802249801,1195305,207058,242,Pro_PPO
0.2808765769004822,0.9017249909471794,0.9016496124381796,1195513,206450,243,Pro_PPO
0.2801103889942169,0.9020200318855226,0.9019314554330575,1195723,205877,244,Pro_PPO
0.27934980392456055,0.9023022613399531,0.9022002556673624,1195912,205317,245,Pro_PPO
0.27859464287757874,0.902557737401507,0.9024432661637911,1196078,204805,246,Pro_PPO
0.27784499526023865,0.902835445155733,0.9027062881601119,1196242,204232,247,Pro_PPO
0.2771008014678955,0.9031108920598567,0.9029681524095601,1196417,203676,248,Pro_PPO
0.2763619124889374,0.903387846197382,0.9032310903278645,1196587,203111,249,Pro_PPO
0.27562829852104187,0.9036591482096517,0.9034887723918007,1196754,202558,250,Pro_PPO
0.274899959564209,0.9039398704306807,0.9037539693356433,1196906,201965,251,Pro_PPO
0.27417683601379395,0.9042126796763518,0.9040112887470118,1197047,201382,252,Pro_PPO
0.27345895767211914,0.9045020684894394,0.9042849497837678,1197205,200772,253,Pro_PPO
0.27274632453918457,0.9047910804941767,0.9045590115040477,1197372,200172,254,Pro_PPO
0.2720388174057007,0.9050548463394388,0.9048064484930546,1197486,199586,255,Pro_PPO
0.2713364064693451,0.9053276555851099,0.9050639751097488,1197625,199001,256,Pro_PPO
0.27063900232315063,0.9055948127055254,0.9053163133304082,1197762,198429,257,Pro_PPO
0.26994654536247253,0.9058536800422327,0.90556156119834,1197904,197884,258,Pro_PPO
0.26925894618034363,0.9061121705705896,0.905807039880965,1198053,197347,259,Pro_PPO
0.2685762941837311,0.9063861102413119,0.9060677725790444,1198218,196785,260,Pro_PPO
0.26789847016334534,0.9066359341776101,0.9063045947716076,1198354,196258,261,Pro_PPO
0.267225444316864,0.9068963087477189,0.9065496733200329,1198470,195683,262,Pro_PPO
0.2665572762489319,0.9071393501337105,0.9067791993996103,1198588,195156,263,Pro_PPO
0.2658939063549042,0.9073925653451621,0.9070178505085175,1198703,194599,264,Pro_PPO
0.26523512601852417,0.9076552007653731,0.907266286984829,1198834,194033,265,Pro_PPO
0.26458096504211426,0.9079129376770293,0.9075104803693419,1198967,193482,266,Pro_PPO
0.26393115520477295,0.9081657760801306,0.9077503540988024,1199101,192945,267,Pro_PPO
0.26328572630882263,0.9084253970335385,0.9079974635863753,1199249,192404,268,Pro_PPO
0.26264452934265137,0.9086801194783918,0.9082396897389793,1199390,191869,269,Pro_PPO
0.2620074152946472,0.9089295666063396,0.908474745719002,1199496,191313,270,Pro_PPO
0.2613741159439087,0.9091831586261416,0.9087147741957965,1199618,190762,271,Pro_PPO
0.2607439160346985,0.9094431563879001,0.9089634931205363,1199780,190234,272,Pro_PPO
0.2601158618927002,0.9097020237246074,0.9092104909223372,1199931,189698,273,Pro_PPO
0.2594883143901825,0.9099326304350366,0.9094306178597046,1200066,189221,274,Pro_PPO
0.2588581442832947,0.9101839616047364,0.90967188414233,1200232,188720,275,Pro_PPO
0.25821956992149353,0.9104254957573263,0.9098998061314023,1200333,188180,276,Pro_PPO
0.25756892561912537,0.9106809718188803,0.9101368224038299,1200379,187548,277,Pro_PPO
0.25691652297973633,0.9109266508633245,0.9103670080639321,1200455,186972,278,Pro_PPO
0.25626835227012634,0.9111809964998272,0.9106072580926534,1200561,186403,279,Pro_PPO
0.2556266188621521,0.9114507912786953,0.9108625017732823,1200678,185804,280,Pro_PPO
0.25498631596565247,0.9117247309494176,0.9111222480242833,1200804,185203,281,Pro_PPO
0.25434717535972595,0.9119719172272633,0.9113585441879261,1200945,184688,282,Pro_PPO
0.2537325620651245,0.9121731328863633,0.9115503553263663,1201051,184260,283,Pro_PPO
0.25313520431518555,0.9123641747200031,0.9117366223908918,1201213,183915,284,Pro_PPO
0.25254619121551514,0.9125337384776716,0.9119007135266434,1201338,183590,285,Pro_PPO
0.2519621253013611,0.9127357077534723,0.9120983395745734,1201519,183235,286,Pro_PPO
0.25138238072395325,0.9129429523461784,0.9122977105495713,1201653,182819,287,Pro_PPO
0.25080665946006775,0.9131573562975415,0.9125001850841535,1201734,182331,288,Pro_PPO
0.2502349019050598,0.913385325349518,0.9127156629104601,1201822,181814,289,Pro_PPO
0.24966706335544586,0.9136091495096405,0.9129264711579143,1201896,181294,290,Pro_PPO
0.24910342693328857,0.9138111187854412,0.9131190817136584,1201998,180860,291,Pro_PPO
0.24854367971420288,0.9139995229606285,0.9133001729939502,1202114,180476,292,Pro_PPO
0.24798767268657684,0.9141502463007782,0.913445546074061,1202214,180176,293,Pro_PPO
0.2474353313446045,0.9143175492083445,0.9136100213742917,1202372,179890,294,Pro_PPO
0.24688667058944702,0.9144807072240566,0.9137675484940467,1202482,179567,295,Pro_PPO
0.24634161591529846,0.9146630824656379,0.9139445128621744,1202618,179219,296,Pro_PPO
0.24580013751983643,0.914850356215774,0.9141228887568082,1202706,178810,297,Pro_PPO
0.24526220560073853,0.9150150214648877,0.9142771353369884,1202743,178410,298,Pro_PPO
0.2447277009487152,0.9151830779891547,0.9144353335662265,1202792,178013,299,Pro_PPO
0.24419675767421722,0.9153628155722834,0.9146048722700028,1202849,177593,300,Pro_PPO
0.24366924166679382,0.9155338865633533,0.914767494827008,1202922,177212,301,Pro_PPO
0.24314510822296143,0.9157011894709196,0.9149294583530116,1203038,176884,302,Pro_PPO
0.24262435734272003,0.9158217681430395,0.9150451322022142,1203105,176631,303,Pro_PPO
0.24210694432258606,0.9159879406255547,0.9152046149756233,1203198,176283,304,Pro_PPO
0.2415928840637207,0.9161375335406533,0.9153479724743983,1203278,175966,305,Pro_PPO
0.24108214676380157,0.9162969234728617,0.9154997673872779,1203348,175613,306,Pro_PPO
0.2405746877193451,0.9164412410710552,0.9156340665586701,1203362,175244,307,Pro_PPO
0.24007046222686768,0.9165998773865628,0.9157836300633108,1203407,174868,308,Pro_PPO
0.2395695000886917,0.9167717019943336,0.915944982945596,1203445,174450,309,Pro_PPO
0.23907168209552765,0.9169186572509797,0.9160849673625492,1203508,174123,310,Pro_PPO
0.23857708275318146,0.917055815490516,0.9162139355047935,1203540,173791,311,Pro_PPO
0.23808559775352478,0.9171903360715996,0.9163420836251789,1203597,173491,312,Pro_PPO
0.2375972867012024,0.9173323928196908,0.9164771063843395,1203652,173169,313,Pro_PPO
0.23711203038692474,0.9174925363686,0.9166298610116935,1203722,172814,314,Pro_PPO
0.23662982881069183,0.9176266801413333,0.9167552648654577,1203740,172476,315,Pro_PPO
0.23615069687366486,0.9177630847641688,0.9168819080683726,1203744,172118,316,Pro_PPO
0.23567453026771545,0.9179055183206104,0.9170150590845101,1203762,171758,317,Pro_PPO
0.23520134389400482,0.9180430533684971,0.9171430084330111,1203769,171400,318,Pro_PPO
0.23473109304904938,0.9181764435245297,0.9172682824983989,1203794,171071,319,Pro_PPO
0.2342638224363327,0.918325659631278,0.9174084561139187,1203822,170703,320,Pro_PPO
0.23379941284656525,0.9184601802123616,0.9175355320199747,1203858,170382,321,Pro_PPO
0.233337864279747,0.9185807588844815,0.9176465566262819,1203844,170048,322,Pro_PPO
0.23287919163703918,0.918713018615463,0.9177708378359731,1203868,169721,323,Pro_PPO
0.2324233502149582,0.9188313364374805,0.9178804478146221,1203864,169403,324,Pro_PPO
0.23197028040885925,0.9189571904265056,0.9179973974447987,1203865,169070,325,Pro_PPO
0.23152002692222595,0.9190958558994434,0.9181271542199355,1203880,168717,326,Pro_PPO
0.23107248544692993,0.9192307532888775,0.9182535672131023,1203897,168376,327,Pro_PPO
0.23062771558761597,0.919376201312122,0.9183897572308395,1203913,168006,328,Pro_PPO
0.2301856279373169,0.9195092146598043,0.9185147321360453,1203934,167674,329,Pro_PPO
0.22974613308906555,0.9196260252484203,0.9186242942163895,1203949,167379,330,Pro_PPO
0.2293092906475067,0.9197379373284815,0.9187282064117743,1203946,167079,331,Pro_PPO
0.22887501120567322,0.9198690666344119,0.9188521302856472,1203977,166762,332,Pro_PPO
0.22844326496124268,0.9200081089157001,0.9189819002279932,1203983,166399,333,Pro_PPO
0.2280139923095703,0.920129818012871,0.9190948887390116,1203978,166071,334,Pro_PPO
0.22758692502975464,0.9202545415768449,0.9192114533341681,1203985,165747,335,Pro_PPO
0.22716188430786133,0.9203837868410234,0.9193320731853047,1203989,165408,336,Pro_PPO
0.2267378568649292,0.9204908004125297,0.9194325644298554,1204002,165137,337,Pro_PPO
0.2263149619102478,0.9206000748341384,0.9195348750179954,1204010,164855,338,Pro_PPO
0.22589296102523804,0.9207048275555425,0.9196320103206371,1204002,164569,339,Pro_PPO
0.2254721075296402,0.9208114643186984,0.9197303720294593,1203985,164269,340,Pro_PPO
0.22505170106887817,0.9209067968313432,0.9198172975950499,1203953,163984,341,Pro_PPO
0.2246304303407669,0.9210251146533608,0.9199281301969696,1203961,163678,342,Pro_PPO
0.22420664131641388,0.9211212007827063,0.920017392340951,1203955,163417,343,Pro_PPO
0.22378024458885193,0.9212263303124608,0.920115782535179,1203960,163143,344,Pro_PPO
0.22335503995418549,0.9213258077169596,0.9202076372378882,1203944,162863,345,Pro_PPO
0.2229364514350891,0.9214331980968163,0.9203055591866126,1203906,162540,346,Pro_PPO
0.22252249717712402,0.9215349363514175,0.9203959787422904,1203831,162195,347,Pro_PPO
0.22211022675037384,0.9216408194978727,0.9204913930513557,1203774,161857,348,Pro_PPO
0.22170016169548035,0.9217365288188678,0.9205761774802235,1203698,161527,349,Pro_PPO
0.22129231691360474,0.9218322381398629,0.9206632335984305,1203659,161234,350,Pro_PPO
0.22088801860809326,0.9219045853431349,0.9207262941000749,1203584,160967,351,Pro_PPO
0.22048795223236084,0.9219855991384653,0.9207975939361805,1203511,160679,352,Pro_PPO
0.22009119391441345,0.9220831925012124,0.9208849608310138,1203447,160356,353,Pro_PPO
0.219695046544075,0.9221781482055067,0.9209680721404696,1203353,160010,354,Pro_PPO
0.21930132806301117,0.9222746111432026,0.9210517754576286,1203245,159646,355,Pro_PPO
0.21891069412231445,0.9223951898153224,0.9211595257007781,1203161,159242,356,Pro_PPO
0.21852341294288635,0.9224886382862153,0.9212413772507592,1203068,158901,357,Pro_PPO
0.21813960373401642,0.922620144400496,0.9213596136834487,1202987,158471,358,Pro_PPO
0.21775928139686584,0.9227377086058128,0.9214657399825193,1202921,158093,359,Pro_PPO
0.21738223731517792,0.9228439685606185,0.9215601095910562,1202835,157725,360,Pro_PPO
0.2170076221227646,0.9229509821321248,0.9216568391934192,1202776,157382,361,Pro_PPO
0.21663522720336914,0.9230519667700252,0.921748247085629,1202722,157060,362,Pro_PPO
0.21626503765583038,0.9231472992826699,0.9218338427340929,1202659,156744,363,Pro_PPO
0.21589702367782593,0.9232324579698545,0.9219090242489822,1202581,156440,364,Pro_PPO
0.21553117036819458,0.9233300513326016,0.9219964301267857,1202512,156112,365,Pro_PPO
0.21516762673854828,0.9234397025625606,0.9220946385593215,1202434,155743,366,Pro_PPO
0.21480676531791687,0.9235504842175707,0.9221948964404857,1202372,155387,367,Pro_PPO
0.2144484668970108,0.923654483322274,0.922288997893172,1202313,155052,368,Pro_PPO
0.2140924036502838,0.9237682794440871,0.9223933992442228,1202272,154709,369,Pro_PPO
0.21373878419399261,0.9238798147157979,0.9224952915082942,1202224,154365,370,Pro_PPO
0.21338756382465363,0.9239902195624576,0.9225963305779796,1202179,154027,371,Pro_PPO
0.21303848922252655,0.9241017548341686,0.9226984616754398,1202134,153686,372,Pro_PPO
0.21269141137599945,0.924209898830726,0.9227966055179333,1202075,153340,373,Pro_PPO
0.21234624087810516,0.9243067385767723,0.9228850392830243,1202031,153039,374,Pro_PPO
0.21200278401374817,0.9244254332071402,0.9229955874070056,1202013,152706,375,Pro_PPO
0.2116609513759613,0.9245422437957563,0.9231046882889732,1202000,152383,376,Pro_PPO
0.21132075786590576,0.9246458660921093,0.9232019391913584,1201996,152104,377,Pro_PPO
0.21098224818706512,0.9247615462556743,0.9233112069498582,1202003,151804,378,Pro_PPO
0.2106454223394394,0.9248764728025385,0.9234188485938919,1201994,151490,379,Pro_PPO
0.21031032502651215,0.9249650227648765,0.9234993901326342,1201946,151207,380,Pro_PPO
0.209976926445961,0.9250769348449377,0.9236043019742484,1201938,150902,381,Pro_PPO
0.20964516699314117,0.9251820643746922,0.9237030846229959,1201934,150619,382,Pro_PPO
0.20931503176689148,0.925274382420534,0.9237899943816296,1201933,150373,383,Pro_PPO
0.20898647606372833,0.9253847872671936,0.9238950174851716,1201950,150097,384,Pro_PPO
0.20865952968597412,0.9254774821213858,0.9239817915763555,1201940,149841,385,Pro_PPO
0.20833410322666168,0.9255709305922787,0.9240688852147579,1201923,149576,386,Pro_PPO
0.20801015198230743,0.9256726688468798,0.9241648055957843,1201923,149306,387,Pro_PPO
0.207687646150589,0.9257706390179772,0.9242559690310554,1201902,149025,388,Pro_PPO
0.20736666023731232,0.9258644642972204,0.9243442328560738,1201898,148772,389,Pro_PPO
0.207047238945961,0.9259560287263614,0.924428986060149,1201870,148501,390,Pro_PPO
0.20672939717769623,0.9260475931555024,0.9245145136290034,1201855,148243,391,Pro_PPO
0.20641319453716278,0.9261387807762931,0.924600399581186,1201852,147998,392,Pro_PPO
0.20609863102436066,0.9262314756304851,0.9246863920622415,1201826,147726,393,Pro_PPO
0.20578569173812866,0.9263226632512758,0.9247716178199659,1201811,147469,394,Pro_PPO
0.2054743468761444,0.9264149812971175,0.9248591433592197,1201817,147230,395,Pro_PPO
0.20516464114189148,0.9265069225346089,0.9249456355056427,1201811,146980,396,Pro_PPO
0.20485657453536987,0.9265981101553995,0.925031086473699,1201799,146726,397,Pro_PPO
0.20455026626586914,0.926674979058876,0.9251016407626896,1201763,146486,398,Pro_PPO
0.20424576103687286,0.9267782245468785,0.9251986371686798,1201753,146202,399,Pro_PPO
0.20394308865070343,0.9268731802511729,0.9252875311111068,1201738,145935,400,Pro_PPO
0.20364227890968323,0.9269496723462989,0.9253584692375988,1201714,145708,401,Pro_PPO
0.20334316790103912,0.9270329469917317,0.9254354332730974,1201683,145456,402,Pro_PPO
0.2030457705259323,0.9271165984455149,0.9255134015648028,1201663,145214,403,Pro_PPO
0.20274999737739563,0.9272247424420723,0.9256155886211138,1201661,144925,404,Pro_PPO
0.20245592296123505,0.9273163068712134,0.925701766312983,1201653,144674,405,Pro_PPO
0.20216359198093414,0.9274154074673618,0.9257954940302796,1201652,144410,406,Pro_PPO
0.20187297463417053,0.9275028270046487,0.9258768124540578,1201627,144153,407,Pro_PPO
0.2015840858221054,0.92758459441668,0.925952682862362,1201600,143909,408,Pro_PPO
0.20129691064357758,0.9276754052291202,0.9260382732861526,1201593,143661,409,Pro_PPO
0.201011523604393,0.9277583030662025,0.9261162147392987,1201583,143431,410,Pro_PPO
0.20072771608829498,0.9278434617533873,0.9261958572802842,1201565,143187,411,Pro_PPO
0.2004452794790268,0.9279301276739733,0.9262776260396502,1201559,142951,412,Pro_PPO
0.20016415417194366,0.9280209384864136,0.9263625433242576,1201539,142690,413,Pro_PPO
0.19988428056240082,0.9280914016479337,0.9264273977714945,1201505,142469,414,Pro_PPO
0.1996055543422699,0.9281588503426507,0.9264893505043382,1201470,142255,415,Pro_PPO
0.199327751994133,0.928241748179733,0.9265670398655019,1201454,142019,416,Pro_PPO
0.19905056059360504,0.9283287909086696,0.9266495803886755,1201454,141788,417,Pro_PPO
0.19877368211746216,0.9284124423624527,0.926728410250556,1201445,141557,418,Pro_PPO
0.1984969824552536,0.9284983546663381,0.9268091172706507,1201431,141315,419,Pro_PPO
0.19822022318840027,0.9285816293117709,0.9268875630357776,1201421,141084,420,Pro_PPO
0.19794312119483948,0.9286566141734953,0.9269570853201241,1201392,140856,421,Pro_PPO
0.1976647526025772,0.9287500626443882,0.9270443726459611,1201367,140583,422,Pro_PPO
0.1973850429058075,0.9288288155896165,0.9271184027393253,1201354,140361,423,Pro_PPO
0.19710297882556915,0.9289143510851515,0.9272017522331248,1201392,140172,424,Pro_PPO
0.19681678712368011,0.9290066691309933,0.9272911037950395,1201422,139957,425,Pro_PPO
0.1965273916721344,0.9291057697271418,0.9273871908695213,1201457,139729,426,Pro_PPO
0.1962365359067917,0.9292037398982391,0.9274828340840406,1201503,139515,427,Pro_PPO
0.1959449052810669,0.9292975651774824,0.9275729857485129,1201521,139284,428,Pro_PPO
0.19565440714359283,0.9293834774813677,0.9276551293647053,1201530,139065,429,Pro_PPO
0.19536679983139038,0.9294742882938081,0.9277426119613877,1201551,138845,430,Pro_PPO
0.19508229196071625,0.9295583165559416,0.9278252204608008,1201600,138671,431,Pro_PPO
0.19479922950267792,0.9296103161082933,0.9278769400410102,1201641,138574,432,Pro_PPO
0.19452530145645142,0.9296645765107472,0.9279308114786536,1201682,138471,433,Pro_PPO
0.19426298141479492,0.9297113007461936,0.9279750167284904,1201678,138343,434,Pro_PPO
0.1940055787563324,0.9297753581657573,0.9280355993390769,1201672,138167,435,Pro_PPO
0.19375227391719818,0.929840546010372,0.9280968214063664,1201658,137980,436,Pro_PPO
0.19350077211856842,0.9299027193881838,0.9281561286978861,1201661,137818,437,Pro_PPO
0.1932493895292282,0.9299641391492949,0.9282161125023366,1201689,137683,438,Pro_PPO
0.19299833476543427,0.9300063416845368,0.9282579829862112,1201720,137602,439,Pro_PPO
0.19274814426898956,0.9300639933621441,0.9283143891480311,1201748,137477,440,Pro_PPO
0.19249853491783142,0.9301231522731529,0.9283709612004867,1201753,137325,441,Pro_PPO
0.1922471821308136,0.9301879633094173,0.9284326980276424,1201754,137154,442,Pro_PPO
0.19199809432029724,0.9302591800876381,0.9284998777316734,1201743,136954,443,Pro_PPO
0.19175320863723755,0.9303262519740048,0.9285632877770802,1201735,136768,444,Pro_PPO
0.1915096938610077,0.9303842804599625,0.9286182066440538,1201729,136608,445,Pro_PPO
0.1912684440612793,0.9304457002210734,0.9286772439342738,1201739,136455,446,Pro_PPO
0.19102928042411804,0.9305010910485785,0.9287300501058572,1201740,136309,447,Pro_PPO
0.19079196453094482,0.9305640180430911,0.9287902606265487,1201745,136147,448,Pro_PPO
0.19055581092834473,0.9306288290793555,0.9288511734211586,1201730,135960,449,Pro_PPO
0.19031991064548492,0.9306928864989191,0.9289113227382351,1201714,135774,450,Pro_PPO
0.19008417427539825,0.9307580743435339,0.9289732724536861,1201711,135598,451,Pro_PPO
0.18984855711460114,0.9308123347459878,0.9290258041249029,1201726,135469,452,Pro_PPO
0.1896131932735443,0.9308669719567921,0.9290791382034876,1201749,135347,453,Pro_PPO
0.1893782615661621,0.9309159570423409,0.9291263764767915,1201759,135227,454,Pro_PPO
0.18914392590522766,0.9309800144619045,0.9291885347048472,1201779,135077,455,Pro_PPO
0.18891064822673798,0.9310365357144607,0.9292425840413456,1201782,134930,456,Pro_PPO
0.1886793076992035,0.9310979554755717,0.9293025676278082,1201808,134793,457,Pro_PPO
0.18844939768314362,0.9311507086446241,0.9293539093966025,1201827,134672,458,Pro_PPO
0.18822069466114044,0.9312049690470781,0.9294069110260208,1201850,134551,459,Pro_PPO
0.1879931539297104,0.9312626207246854,0.9294631512439651,1201873,134421,460,Pro_PPO
0.18776671588420868,0.9313168811271393,0.9295153435487027,1201881,134285,461,Pro_PPO
0.18754127621650696,0.9313805617383526,0.9295772904966254,1201903,134138,462,Pro_PPO
0.18731649219989777,0.9314457495829673,0.9296400284635852,1201913,133975,463,Pro_PPO
0.18709227442741394,0.9314958650935672,0.9296873579880021,1201904,133833,464,Pro_PPO
0.1868686079978943,0.9315576616630286,0.9297469277310443,1201915,133680,465,Pro_PPO
0.18664559721946716,0.9316183278074389,0.9298054250756577,1201926,133530,466,Pro_PPO
0.18642334640026093,0.9316774867184476,0.9298619473435626,1201927,133374,467,Pro_PPO
0.186201810836792,0.9317400369046098,0.9299219308809188,1201932,133213,468,Pro_PPO
0.18598094582557678,0.9317988190072682,0.9299792448852086,1201954,133079,469,Pro_PPO
0.1857607513666153,0.9318658908936349,0.9300439384683477,1201966,132913,470,Pro_PPO
0.18554119765758514,0.9319280642714467,0.9301040156124014,1201979,132761,471,Pro_PPO
0.1853221207857132,0.9319781797820466,0.9301511770575824,1201966,132615,472,Pro_PPO
0.18510334193706512,0.9320343242262523,0.9302045895671394,1201962,132462,473,Pro_PPO
0.18488463759422302,0.9320931063289107,0.9302610682343763,1201968,132312,474,Pro_PPO
0.184665709733963,0.9321469899230143,0.9303131964645962,1201980,132181,475,Pro_PPO
0.18444597721099854,0.9322004967087675,0.9303646999405938,1201987,132046,476,Pro_PPO
0.1842246651649475,0.9322532498778199,0.9304163501122954,1202010,131929,477,Pro_PPO
0.184001162648201,0.9323093943220256,0.9304714066649792,1202036,131806,478,Pro_PPO
0.1837751716375351,0.9323662923829322,0.9305271339012461,1202061,131680,479,Pro_PPO
0.18354745209217072,0.9324243208688899,0.9305828713253381,1202066,131531,480,Pro_PPO
0.18331870436668396,0.9324748131878401,0.9306302285331829,1202049,131380,481,Pro_PPO
0.18308869004249573,0.9325158852980309,0.9306681552930501,1202024,131246,482,Pro_PPO
0.18285666406154633,0.9325667544253314,0.9307163671882712,1202016,131103,483,Pro_PPO
0.18262001872062683,0.9326149858941793,0.930762276627995,1202012,130971,484,Pro_PPO
0.182379350066185,0.9326613333212754,0.930806121002945,1202003,130839,485,Pro_PPO
0.18214142322540283,0.9327110720235249,0.9308509649639106,1201952,130656,486,Pro_PPO
0.18190884590148926,0.9327728685929864,0.9309076742314577,1201907,130447,487,Pro_PPO
0.18167611956596375,0.9328380564376011,0.9309681209892714,1201871,130238,488,Pro_PPO
0.1814412772655487,0.9328915632233543,0.9310179344771664,1201845,130070,489,Pro_PPO
0.18120817840099335,0.9329364034170489,0.9310588195191184,1201807,129913,490,Pro_PPO
0.1809791475534439,0.9329797363773419,0.9310969333500171,1201744,129735,491,Pro_PPO
0.18074952065944672,0.933041156138453,0.931153170828471,1201696,129524,492,Pro_PPO
0.18051569163799286,0.9331138801500752,0.9312212569468634,1201667,129302,493,Pro_PPO
0.1802796572446823,0.9331575899187187,0.93126034392497,1201615,129134,494,Pro_PPO
0.18004940450191498,0.9331997924539606,0.9312984199089993,1201571,128978,495,Pro_PPO
0.1798287034034729,0.9332521688146627,0.9313447575284732,1201499,128767,496,Pro_PPO
0.17961753904819489,0.9333207479344309,0.9314076399790685,1201446,128532,497,Pro_PPO
0.17941372096538544,0.9333704866366802,0.9314529071633585,1201401,128355,498,Pro_PPO
0.1792142242193222,0.9334221093806816,0.9315015280335915,1201385,128202,499,Pro_PPO
0.1790182739496231,0.9334556453238649,0.9315332443704897,1201377,128105,500,Pro_PPO
0.7070992588996887,0.4709622064992658,0.6403457606434443,1249872,1403997,1,PPO
0.7043404579162598,0.4709622064992658,0.6403457606434443,1249872,1403997,2,PPO
0.7017019391059875,0.46853744476460596,0.6372134800016668,1238671,1399231,3,PPO
0.6991782784461975,0.45805840454069136,0.504810926756713,733094,921464,4,PPO
0.696770191192627,0.4850891283631558,0.29868462245123145,290992,407626,5,PPO
0.6944824457168579,0.5025029494673625,0.2665158541978236,239868,310288,6,PPO
0.6923037171363831,0.49793904672762673,0.2456764095120123,216976,299508,7,PPO
0.6902256011962891,0.5005269664779988,0.23383053520006566,202273,277937,8,PPO
0.6882451176643372,0.5419807835277476,0.24500504666221526,197226,162877,9,PPO
0.686365008354187,0.5870150335227549,0.25931993090640737,191862,37998,10,PPO
0.6845782399177551,0.5902766866035964,0.23342131681950978,165548,3028,11,PPO
0.6828805208206177,0.5823075668015264,0.2037448739102233,141821,450,12,PPO
0.6812677383422852,0.5697613559674574,0.1593350645372907,108205,130,13,PPO
0.6797379851341248,0.5559709239604517,0.10823246292799764,71510,33,14,PPO
0.6782940030097961,0.5502434370347594,0.08620458660460345,56300,23,15,PPO
0.6769311428070068,0.545204002156851,0.06640238549212378,42923,20,16,PPO
0.6756427884101868,0.5428391529499007,0.05697283339927231,36649,22,17,PPO
0.6744183897972107,0.543116107087426,0.05808810163398033,37388,26,18,PPO
0.6732445359230042,0.542799211264761,0.05681859698626836,36547,26,19,PPO
0.6721110939979553,0.5420361743552526,0.05375647567544,34523,27,20,PPO
0.6710065007209778,0.5418703786810879,0.053101328818269185,34091,35,21,PPO
0.6699198484420776,0.5418417412464595,0.05298903519361708,34017,37,22,PPO
0.6688408851623535,0.5427796172305416,0.056778175514693593,36521,52,23,PPO
0.667766273021698,0.5443855744198376,0.06324707792736015,40819,88,24,PPO
0.6666934490203857,0.5511809362104911,0.09012944056772045,58994,229,25,PPO
0.6656183004379272,0.5525924602909941,0.0964049066962142,63340,829,26,PPO
0.6645374894142151,0.5543664740045571,0.10425908519760935,68827,1608,27,PPO
0.6634478569030762,0.5577502129909201,0.11986648839122412,79922,3723,28,PPO
0.6623519062995911,0.5575052875631766,0.11990308106580849,79994,4445,29,PPO
0.6612514853477478,0.5574551720525768,0.12004015973986079,80107,4691,30,PPO
0.6601449251174927,0.5594454737592549,0.12772554525826374,85600,4902,31,PPO
0.6590308547019958,0.5607492306515506,0.13261842365690288,89116,4958,32,PPO
0.6579078435897827,0.5608181865796692,0.13318607928663595,89542,5201,33,PPO
0.6567746996879578,0.5611000392257492,0.13590419435317613,91598,6509,34,PPO
0.6556311845779419,0.563568887537403,0.14591977818990276,98942,7301,35,PPO
0.654478132724762,0.5640956656112265,0.14811280113994102,100566,7527,36,PPO
0.6533157229423523,0.5644404452518191,0.14945115104493953,101554,7600,37,PPO
0.6521453857421875,0.5649257744071015,0.15122079594690158,102856,7614,38,PPO
0.6509674191474915,0.5655599428607817,0.15357610346668,104596,7671,39,PPO
0.6497815251350403,0.5659913884219605,0.15513184262799165,105745,7675,40,PPO
0.6485881209373474,0.5670894079549518,0.15906801892537592,108660,7676,41,PPO
0.6473859548568726,0.5700002524615948,0.16942357786833642,116389,7680,42,PPO
0.6461735963821411,0.5729122273932888,0.17967192232672424,124125,7688,43,PPO
0.6449506878852844,0.5747276900253931,0.18601504616190168,128958,7703,44,PPO
0.6437158584594727,0.5755864362558966,0.18900575733923947,131249,7715,45,PPO
0.6424650549888611,0.5765126311811171,0.19221569281368953,133716,7724,46,PPO
0.6411937475204468,0.5774320435560308,0.1953839906210404,136159,7727,47,PPO
0.6398980021476746,0.5787979738261384,0.20006998756969238,139788,7731,48,PPO
0.6385767459869385,0.5797121108841469,0.20319169379513524,142216,7733,49,PPO
0.6372253894805908,0.5815705296681939,0.20950580275818767,147153,7738,50,PPO
0.635843813419342,0.5835227737314841,0.21610296912855254,152350,7754,51,PPO
0.6344290971755981,0.5860108392690069,0.22444768687444103,158980,7781,52,PPO
0.6329813003540039,0.5903520482736714,0.23882979617213623,170556,7836,53,PPO
0.6315016150474548,0.5964446624908766,0.25861108169044894,186790,7901,54,PPO
0.6299915313720703,0.6040211479918565,0.2825893728777227,206971,7975,55,PPO
0.6284512281417847,0.6079071725092685,0.29478456820453736,217481,8172,56,PPO
0.6268826723098755,0.6130468384083766,0.3107626409367888,231509,8560,57,PPO
0.6252848505973816,0.6180504764929995,0.32635974921680094,245541,9313,58,PPO
0.6236551403999329,0.6238706582728839,0.3440882400870521,261825,10151,59,PPO
0.6219918727874756,0.6298637950855901,0.36192904974624435,278590,11011,60,PPO
0.6202964186668396,0.6362457981158829,0.38053478955575376,296507,11991,61,PPO
0.6185774207115173,0.6410843941430417,0.39471398223632664,310573,13216,62,PPO
0.6168371438980103,0.6440604264942995,0.405131670343331,321663,16408,63,PPO
0.6150830984115601,0.6475526862855703,0.4169886576482182,334496,19973,64,PPO
0.6133286952972412,0.6511730609159684,0.4293126842075738,348205,24074,65,PPO
0.6115730404853821,0.6566748396397862,0.4455829915663677,366140,27408,66,PPO
0.6098108291625977,0.6631175088144894,0.4641179700255821,387157,31327,67,PPO
0.6080431938171387,0.6716416673166611,0.4871948779511805,413950,35498,68,PPO
0.6062667965888977,0.681006108440168,0.5129684389778049,445826,42522,69,PPO
0.6044771075248718,0.6909448054896455,0.5401155273359746,481641,51961,70,PPO
0.6026701927185059,0.7023986489159789,0.5689063699972654,521139,61062,71,PPO
0.6008462309837341,0.7131829039036969,0.5938825347214627,556549,67852,72,PPO
0.5990091562271118,0.722980297821784,0.6159302631743923,589497,74799,73,PPO
0.5971635580062866,0.7325161867447112,0.6368493077102129,622439,82434,74,PPO
0.595318078994751,0.7431350228666147,0.6587983971153683,658106,89920,75,PPO
0.5934764742851257,0.7513460536296253,0.675734761899848,687576,97599,76,PPO
0.5916460752487183,0.7575705507694614,0.6895224141908124,714419,107923,77,PPO
0.5898239612579346,0.7599836314452597,0.696619323864773,731304,118404,78,PPO
0.5880028605461121,0.7637091356054123,0.7050592647047065,749527,126740,79,PPO
0.5861870050430298,0.7676467828668257,0.7134932556720794,767809,134572,80,PPO
0.5843755006790161,0.7691498713764696,0.7181536632672214,780521,143295,81,PPO
0.5825607180595398,0.7692372909137565,0.7203823970954039,788885,151427,82,PPO
0.5807406902313232,0.7686166875606897,0.7219824395473744,797326,161515,83,PPO
0.5789156556129456,0.7675616241796411,0.7229778552397051,804948,171937,84,PPO
0.577086329460144,0.7675084942022383,0.7251311302909859,813856,180986,85,PPO
0.5752533674240112,0.7665517778006374,0.7263469179072998,822212,191881,86,PPO
0.5734171271324158,0.7651368624449812,0.7267441707533282,828851,202275,87,PPO
0.5715780258178711,0.7643651589434143,0.7277154262545196,835656,211128,88,PPO
0.5697361826896667,0.7643941731863931,0.7295236241334934,843229,218624,89,PPO
0.5678920745849609,0.7650618775832567,0.731918776112331,851137,224760,90,PPO
0.5660462379455566,0.7651421377618866,0.7335420141949727,857928,231338,91,PPO
0.5641987919807434,0.7655106563285528,0.7353825638513559,864704,237136,92,PPO
0.5623501539230347,0.7658622185194521,0.7369968411905702,870614,242113,93,PPO
0.5605002641677856,0.7654439612505365,0.7374876910652421,874382,246991,94,PPO
0.5586494207382202,0.7650170373895622,0.7377684071007828,877245,250987,95,PPO
0.5567984580993652,0.7646149828797126,0.7380679333321313,880108,254917,96,PPO
0.5549472570419312,0.7643353910837347,0.7384203832205398,882762,258313,97,PPO
0.5530966520309448,0.7640282922781795,0.7386445397468236,884939,261305,98,PPO
0.5512478351593018,0.7638116274767142,0.7389657210131152,887227,264168,99,PPO
0.5494019389152527,0.7638067289681593,0.7395227496746247,889813,266767,100,PPO
0.5475601553916931,0.7638632502207154,0.74011210401554,892328,269132,101,PPO
0.5457231402397156,0.763920148281622,0.7406555915362304,894639,271292,102,PPO
0.5438917875289917,0.7640301763199314,0.7412186545814736,896849,273210,103,PPO
0.5420672297477722,0.7643836225525826,0.7420711935397247,899499,274922,104,PPO
0.5402512550354004,0.7649944288885397,0.7432521108380367,902728,276530,105,PPO
0.5384439826011658,0.7657186545379595,0.7445699463218601,906193,278073,106,PPO
0.5366446375846863,0.7664711408136573,0.7459661304569704,909950,279833,107,PPO
0.5348523259162903,0.7671859462543178,0.7473454957051131,913804,281790,108,PPO
0.5330667495727539,0.7682101113506357,0.749121718014997,918403,283671,109,PPO
0.5312876105308533,0.7693925359541107,0.7510853375914412,923340,285470,110,PPO
0.529514491558075,0.7708609580955201,0.7534049984448544,928951,287184,111,PPO
0.5277472734451294,0.7722223666654232,0.7555715859226779,934296,288916,112,PPO
0.52598637342453,0.7735400654666827,0.7576540230371728,939455,290578,113,PPO
0.5242321491241455,0.7747925764233276,0.7596134161286833,944310,292109,114,PPO
0.5224847197532654,0.7759723633683502,0.761451178018874,948890,293558,115,PPO
0.5207446217536926,0.7770010501648725,0.7630724318334313,953021,294959,116,PPO
0.5190123319625854,0.7779630418833786,0.7645790459661693,956868,296253,117,PPO
0.517288088798523,0.7789031787175629,0.7660188568794433,960485,297375,118,PPO
0.515572190284729,0.7798052579083594,0.7674007239471758,963985,298481,119,PPO
0.5138646364212036,0.7806839749814327,0.7687308479662288,967334,299498,120,PPO
0.5121655464172363,0.7815679673714113,0.7700398440512403,970569,300387,121,PPO
0.5104750990867615,0.7824986839968363,0.7713889658996396,973840,301188,122,PPO
0.5087932348251343,0.7834474874230792,0.7727475113823562,977106,301936,123,PPO
0.5071201324462891,0.7843250740711015,0.7740024188093819,980139,302640,124,PPO
0.5054559707641602,0.7851499075500712,0.7751865546589577,983035,303347,125,PPO
0.5038009881973267,0.7860410592987069,0.7764503567501426,986097,304044,126,PPO
0.5021553635597229,0.78701021037587,0.7778018441856891,989320,304695,127,PPO
0.5005190968513489,0.7880573607815609,0.7792260500606427,992621,305217,128,PPO
0.49889227747917175,0.7892891472789351,0.7808615620225198,996304,305631,129,PPO
0.4972744882106781,0.790616266288954,0.7825975368380775,1000153,305958,130,PPO
0.4956657588481903,0.7919942544262735,0.7843850431136171,1004096,306244,131,PPO
0.4940662086009979,0.7933748802220456,0.7861637967004813,1008009,306493,132,PPO
0.49247556924819946,0.7948093896119213,0.7879963388374057,1012017,306694,133,PPO
0.49089378118515015,0.7961199290545238,0.7896721999072502,1015721,306920,134,PPO
0.4893207252025604,0.7974903810248358,0.7914157526643846,1019573,307135,135,PPO
0.4877566397190094,0.7990051505933413,0.7933378585497921,1023839,307381,136,PPO
0.48620137572288513,0.8006921215779679,0.7954762780291773,1028626,307691,137,PPO
0.48465484380722046,0.8025418737699562,0.7978138829620999,1033891,308047,138,PPO
0.48311686515808105,0.8045996241713513,0.8003794033558873,1039598,308293,139,PPO
0.48158735036849976,0.8067282145426168,0.8030120546707816,1045443,308489,140,PPO
0.48006632924079895,0.8089604272102353,0.8057500206895918,1051507,308629,141,PPO
0.47855353355407715,0.810983511243396,0.8082243785284707,1057031,308784,142,PPO
0.47704899311065674,0.812835901093837,0.8104812970521161,1062094,308931,143,PPO
0.47555258870124817,0.8145435965377341,0.8125516297382722,1066745,309050,144,PPO
0.4740642011165619,0.8160048593204864,0.8143366046608718,1070862,309289,145,PPO
0.47258374094963074,0.8172656600608394,0.8158824206101071,1074489,309570,146,PPO
0.4711110591888428,0.8183003757909678,0.8171693047567519,1077622,309957,147,PPO
0.46964606642723083,0.8192804543102918,0.8183950350823385,1080662,310396,148,PPO
0.46818870306015015,0.8202096637023154,0.8195624633652883,1083605,310873,149,PPO
0.4667390286922455,0.8210929024755932,0.8206616989387676,1086346,311270,150,PPO
0.46529674530029297,0.8219508950893959,0.8217124051859418,1088900,311547,151,PPO
0.46386200189590454,0.822794192177534,0.8227390208149661,1091381,311790,152,PPO
0.46243464946746826,0.8237045611520388,0.8238285643495572,1093936,311929,153,PPO
0.4610144793987274,0.824558032065637,0.8248432203868046,1096295,312023,154,PPO
0.4596015214920044,0.8253892712865631,0.8258162198247314,1098490,312012,155,PPO
0.45819565653800964,0.8261756703137947,0.8267426038092012,1100623,312058,156,PPO
0.4567968547344208,0.8270223586770862,0.8277233786723149,1102804,311992,157,PPO
0.4554051458835602,0.8278479457727567,0.8286678499600048,1104850,311847,158,PPO
0.4540204703807831,0.8286456490504995,0.8295713649671475,1106766,311646,159,PPO
0.4526425898075104,0.8294022802180514,0.8304269888153366,1108581,311453,160,PPO
0.45127156376838684,0.8301174624670622,0.8312396407133628,1110335,311309,161,PPO
0.44990724325180054,0.8308424417331828,0.8320548830764212,1112053,311103,162,PPO
0.44854968786239624,0.8315564935571425,0.8328524235869498,1113709,310864,163,PPO
0.4471987783908844,0.8323534432181845,0.8337440107979399,1115577,310617,164,PPO
0.4458545744419098,0.8331375813953138,0.8346078617018138,1117315,310274,165,PPO
0.44451698660850525,0.8339428208400641,0.8354902435091114,1119069,309891,166,PPO
0.4431860148906708,0.8347891323950052,0.8364186775689044,1120929,309505,167,PPO
0.44186171889305115,0.835618110765829,0.8373305153318323,1122779,309155,168,PPO
0.44054412841796875,0.8363947127759509,0.8381965869711931,1124618,308933,169,PPO
0.4392332136631012,0.8371215760838233,0.8390106554537972,1126376,308762,170,PPO
0.4379289150238037,0.8378262076990236,0.8398059155845944,1128139,308655,171,PPO
0.43663135170936584,0.8384893903956827,0.8405534657826134,1129798,308554,172,PPO
0.4353402853012085,0.8390911533312307,0.8412265049946813,1131265,308424,173,PPO
0.43405598402023315,0.8396571194734932,0.8418583407443635,1132640,308297,174,PPO
0.43277832865715027,0.8401744773385574,0.8424424327747793,1133957,308241,175,PPO
0.43150749802589417,0.840722356680002,0.8430450381004789,1135220,308050,176,PPO
0.43024349212646484,0.8412491347538255,0.843619181244873,1136393,307825,177,PPO
0.4289866089820862,0.8417514202848746,0.8441597235647882,1137455,307554,178,PPO
0.4277368187904358,0.842254836240975,0.8446929380519089,1138448,307211,179,PPO
0.42649421095848083,0.8427778462312948,0.8452448375939989,1139464,306839,180,PPO
0.42525869607925415,0.8433110300470746,0.8458060851108642,1140490,306450,181,PPO
0.42403021454811096,0.8438634310887236,0.846376919055793,1141462,305956,182,PPO
0.4228087365627289,0.844412064046869,0.8469427092523097,1142419,305457,183,PPO
0.42159441113471985,0.8449640882801676,0.8475098909448053,1143365,304938,184,PPO
0.4203867018222809,0.8455130980466632,0.8480613168355212,1144195,304311,185,PPO
0.41918477416038513,0.8460613541964581,0.8486121430305141,1145026,303687,186,PPO
0.41798844933509827,0.8466179001299612,0.8491681303126645,1145842,303026,187,PPO
0.41679689288139343,0.8470994612017398,0.849647033017197,1146529,302435,188,PPO
0.4156089127063751,0.8475682107896056,0.8501101940215112,1147171,301833,189,PPO
0.4144231975078583,0.8480448733528294,0.8505874886209162,1147881,301278,190,PPO
0.41324031352996826,0.8485139997490456,0.8510524627116169,1148537,300689,191,PPO
0.41206198930740356,0.8490588646236872,0.8515875374108124,1149254,299960,192,PPO
0.4108893573284149,0.8496274684244023,0.8521487519103413,1150028,299225,193,PPO
0.40971875190734863,0.8502085069006797,0.8527184111711518,1150784,298439,194,PPO
0.40854886174201965,0.8508419217376593,0.8533383326380249,1151598,297572,195,PPO
0.40737876296043396,0.8515491910113122,0.8540246243524612,1152452,296549,196,PPO
0.4062070846557617,0.8521957941405548,0.8546564601513488,1153273,295654,197,PPO
0.4050319194793701,0.8529019329891566,0.8553381929567699,1154092,294599,198,PPO
0.4038533866405487,0.8535745358945751,0.8559798561407046,1154799,293521,199,PPO
0.40267255902290344,0.8542467619916432,0.8566273303942943,1155562,292500,200,PPO
0.40148916840553284,0.8548635972612062,0.857211280209883,1156165,291466,201,PPO
0.4003060758113861,0.8554936208230324,0.8578156160683136,1156854,290483,202,PPO
0.3991250693798065,0.8561454992691802,0.8584330860112143,1157491,289390,203,PPO
0.39794662594795227,0.8567559287967869,0.8590085039734537,1158059,288338,204,PPO
0.3967716693878174,0.8573769089582041,0.8595970150970034,1158665,287296,205,PPO
0.3956007659435272,0.857962469134686,0.8601626709946673,1159338,286415,206,PPO
0.39443352818489075,0.8585016818840719,0.860676836955562,1159892,285538,207,PPO
0.39326757192611694,0.8590295903829466,0.8611849391946421,1160479,284724,208,PPO
0.3921043574810028,0.859528107830492,0.8616649015793759,1161034,283956,209,PPO
0.3909440338611603,0.8600303933615412,0.8621501856065231,1161609,283198,210,PPO
0.3897845447063446,0.8605330557009407,0.8626324909656183,1162151,282406,211,PPO
0.388630747795105,0.8610455150574501,0.8631197605123817,1162659,281554,212,PPO
0.38748979568481445,0.8615470469717985,0.8635969458212931,1163158,280722,213,PPO
0.3863582909107208,0.8620915350380897,0.8641241416128564,1163789,279908,214,PPO
0.38523897528648376,0.8628289489797726,0.8648686973074262,1164947,279109,215,PPO
0.3841405510902405,0.8635403631452796,0.8656038559854169,1166235,278509,216,PPO
0.3830723166465759,0.8641266769384623,0.8662261827031519,1167465,278183,217,PPO
0.38204002380371094,0.86462745523611,0.8667373669593719,1168313,277702,218,PPO
0.3810063302516937,0.8651674216021966,0.8672541946321174,1168880,276836,219,PPO
0.3799557089805603,0.8657458224200215,0.8677752290598868,1169154,275575,220,PPO
0.37889328598976135,0.8663001075034223,0.8682585062302288,1169249,274199,221,PPO
0.37782949209213257,0.8668438419530128,0.8687233572263097,1169243,272750,222,PPO
0.3767736852169037,0.8672899830398562,0.869110200592766,1169290,271613,223,PPO
0.37573176622390747,0.8676585016065224,0.8694428057434951,1169461,270806,224,PPO
0.3747047185897827,0.8679184993682808,0.8696935823177588,1169747,270402,225,PPO
0.3736882507801056,0.8681649320294257,0.8699550736117032,1170264,270265,226,PPO
0.3726770281791687,0.868447915100557,0.8702666667657597,1170976,270226,227,PPO
0.37166735529899597,0.868731651788389,0.8705915391876184,1171821,270318,228,PPO
0.3706570863723755,0.8690794458957846,0.8709864995629568,1172826,270400,229,PPO
0.3696445822715759,0.8694894133809921,0.8714444360313975,1173935,270421,230,PPO
0.36862990260124207,0.8699732353028728,0.8719712861640657,1175106,270308,231,PPO
0.3676149845123291,0.8704928540180393,0.8725266679796203,1176258,270081,232,PPO
0.3666055202484131,0.870993632315687,0.8730519285490219,1177266,269760,233,PPO
0.36561116576194763,0.871463512328604,0.8735287084222371,1178043,269290,234,PPO
0.3646237254142761,0.871993681677581,0.8740454562307663,1178694,268534,235,PPO
0.3636363744735718,0.872559271011493,0.8745811007801899,1179220,267559,236,PPO
0.3626524806022644,0.8730973533358278,0.8750769217073336,1179570,266481,237,PPO
0.36167144775390625,0.873655029694382,0.8755857491485325,1179875,265306,238,PPO
0.36069241166114807,0.8742100683944837,0.8760882137000416,1180132,264090,239,PPO
0.3597148060798645,0.8747123539255329,0.8765505117166688,1180444,263069,240,PPO
0.35873889923095703,0.8751426690616605,0.8769564227703863,1180817,262300,241,PPO
0.3577645719051361,0.8755096803949253,0.8773127268257559,1181245,261754,242,PPO
0.35679197311401367,0.8757922866577061,0.8776034211379361,1181754,261513,243,PPO
0.35582250356674194,0.8760383425105007,0.8778754097386953,1182406,261512,244,PPO
0.35485565662384033,0.8762184569019797,0.8780959364569966,1183121,261749,245,PPO
0.3538874387741089,0.8763514702496619,0.8782770264380338,1183852,262127,246,PPO
0.35291701555252075,0.8764739329635336,0.8784518218767589,1184616,262566,247,PPO
0.3519447147846222,0.8765952652523542,0.8786282734232608,1185411,263039,248,PPO
0.35096967220306396,0.8767188583912771,0.8787965452577313,1186095,263395,249,PPO
0.34999310970306396,0.8768774947067847,0.8789879684595651,1186701,263580,250,PPO
0.34901654720306396,0.8770745654740305,0.8792026429466989,1187197,263553,251,PPO
0.3480393588542938,0.8773583021618625,0.8794785668289912,1187541,263144,252,PPO
0.3470627963542938,0.8777200381782221,0.8798142892538201,1187799,262442,253,PPO
0.3460843563079834,0.8781311360884806,0.8801864418458365,1187985,261537,254,PPO
0.34510552883148193,0.8785968712095436,0.8806079659909019,1188192,260508,255,PPO
0.3441278338432312,0.8790908669568844,0.8810515073881984,1188368,259373,256,PPO
0.34315139055252075,0.8795279646433188,0.8814477658152396,1188564,258409,257,PPO
0.3421725332736969,0.8799239902195625,0.8818103526929865,1188780,257574,258,PPO
0.3411991000175476,0.8802894943194257,0.8821460739347013,1188990,256814,259,PPO
0.3402385413646698,0.8806139263090982,0.8824467664744641,1189206,256169,260,PPO
0.33928778767585754,0.8809417495739239,0.8827500678158186,1189417,255510,261,PPO
0.3383445143699646,0.8812684424136986,0.8830484066125763,1189581,254807,262,PPO
0.3374063968658447,0.8815921207866704,0.8833443279971163,1189746,254113,263,PPO
0.3364730179309845,0.881915799159642,0.8836376004497356,1189879,253387,264,PPO
0.3355455696582794,0.8822718830507459,0.8839613906583043,1190037,252600,265,PPO
0.3346247971057892,0.8826260829000979,0.8842799066943012,1190151,251774,266,PPO
0.3337099552154541,0.8829870652997567,0.8846047654597256,1190268,250933,267,PPO
0.33280208706855774,0.8833597287582771,0.8849418777101371,1190407,250083,268,PPO
0.33190107345581055,0.8837305081750456,0.8852784608417811,1190557,249249,269,PPO
0.3310066759586334,0.8840715197321345,0.8855891123737528,1190706,248493,270,PPO
0.3301188051700592,0.884395951721807,0.8858860847067015,1190863,247789,271,PPO
0.329237163066864,0.8847162388196252,0.8861809063920655,1191036,247112,272,PPO
0.32836154103279114,0.8850384099591955,0.8864790085531528,1191227,246448,273,PPO
0.32749173045158386,0.8853466391898017,0.8867642467156887,1191409,245812,274,PPO
0.32662829756736755,0.8856409265114442,0.8870380378547299,1191599,245221,275,PPO
0.3257710337638855,0.885937474683189,0.8873143120915611,1191794,244629,276,PPO
0.32491928339004517,0.8862287475380285,0.8875867111851099,1191997,244059,277,PPO
0.3240726888179779,0.8865177595427657,0.8878531087121095,1192151,243446,278,PPO
0.3232318162918091,0.8867999889971961,0.8881145602502747,1192316,242862,279,PPO
0.3223971724510193,0.8870739286679185,0.8883669006301481,1192458,242277,280,PPO
0.32156863808631897,0.8873621870559549,0.8886300791108468,1192578,241632,281,PPO
0.3207460939884186,0.8876323586431735,0.8888761364047112,1192682,241019,282,PPO
0.3199290633201599,0.8879240083063633,0.8891416721238277,1192792,240355,283,PPO
0.3191174268722534,0.8882352520037726,0.8894279392878645,1192943,239680,284,PPO
0.3183113634586334,0.8885472493178826,0.8897128434623442,1193068,238977,285,PPO
0.3175109922885895,0.8888528408900364,0.8899969046828792,1193250,238348,286,PPO
0.3167163133621216,0.889130171835912,0.8902531271633525,1193395,237757,287,PPO
0.31592729687690735,0.8893980825730283,0.8905026003128359,1193558,237209,288,PPO
0.3151439130306244,0.8896501673594288,0.89073924700092,1193734,236716,289,PPO
0.3143661320209503,0.8898879334285151,0.8909599803877744,1193869,236220,290,PPO
0.31359389424324036,0.8901486848069743,0.8912022791725087,1194019,235678,291,PPO
0.31282687187194824,0.8904079289520319,0.8914436420872137,1194173,235144,292,PPO
0.3120650351047516,0.8906453182127678,0.8916643926665081,1194310,234651,293,PPO
0.3113082945346832,0.890915112991636,0.8919156149019857,1194469,234094,294,PPO
0.3105565011501312,0.8911830237287522,0.8921639575655057,1194612,233526,295,PPO
0.3098093867301941,0.8914347317068024,0.892397967453259,1194754,233000,296,PPO
0.30906686186790466,0.8916973671270134,0.8926393075031572,1194866,232415,297,PPO
0.30832889676094055,0.8919615097806259,0.892881666969282,1194973,231821,298,PPO
0.30759552121162415,0.8922233915841362,0.893121313521401,1195070,231223,299,PPO
0.3068668842315674,0.8924758531788871,0.8933531810916092,1195173,230656,300,PPO
0.30614304542541504,0.8927350973239447,0.8935945621153476,1195319,230114,301,PPO
0.3054240643978119,0.893009036994667,0.8938471419780456,1195441,229509,302,PPO
0.30470994114875793,0.8932645130562209,0.8940820848698414,1195546,228936,303,PPO
0.304000586271286,0.8935139601841688,0.894311284308629,1195645,228373,304,PPO
0.3032960891723633,0.8937660449705693,0.8945436155779994,1195753,227812,305,PPO
0.3025961220264435,0.8940411150663428,0.8947969967118566,1195868,227197,306,PPO
0.30190086364746094,0.8942905621942907,0.8950268345953931,1195972,226639,307,PPO
0.3012101352214813,0.8945204152880191,0.8952383090916916,1196063,226120,308,PPO
0.300523966550827,0.894775891349573,0.8954739737677109,1196171,225550,309,PPO
0.2998422682285309,0.8950166718854623,0.8956971889618985,1196286,225026,310,PPO
0.29916495084762573,0.8952759160305199,0.8959385465154592,1196422,224474,311,PPO
0.2984920144081116,0.8955321457087746,0.8961781497928012,1196569,223941,312,PPO
0.2978234887123108,0.8957759407114669,0.8964055015792153,1196700,223425,313,PPO
0.2971593141555786,0.8960246342227141,0.8966384467654495,1196846,222911,314,PPO
0.29649943113327026,0.8962838783677717,0.8968823322922251,1197011,222388,315,PPO
0.29584380984306335,0.8965265429454129,0.8971102597487752,1197160,221893,316,PPO
0.2951924502849579,0.8967635553977985,0.8973298937083943,1197266,221370,317,PPO
0.29454535245895386,0.8970194082677028,0.8975699487244452,1197418,220843,318,PPO
0.29390236735343933,0.8972669713538988,0.8978012882795351,1197552,220320,319,PPO
0.29326361417770386,0.8975122735899925,0.8980309810903553,1197690,219807,320,PPO
0.2926288843154907,0.897763227951342,0.8982659432024876,1197830,219281,321,PPO
0.2919982671737671,0.8979874289198148,0.8984746141534327,1197938,218794,322,PPO
0.2913716733455658,0.8982078618047838,0.8986786057604852,1198028,218299,323,PPO
0.2907490134239197,0.8984395989402642,0.8988966437172761,1198169,217825,324,PPO
0.2901303768157959,0.8986622926753355,0.899103006947016,1198262,217327,325,PPO
0.28951555490493774,0.8988974210859692,0.8993221553695688,1198376,216817,326,PPO
0.28890466690063477,0.899133679921654,0.8995415522673949,1198479,216293,327,PPO
0.288297563791275,0.8993838806663027,0.8997751695611865,1198604,215754,328,PPO
0.28769418597221375,0.8996114729099288,0.8999864104829984,1198700,215246,329,PPO
0.2870945930480957,0.8998281377113942,0.9001875404788947,1198791,214762,330,PPO
0.28649863600730896,0.9000440488961587,0.9003898490545916,1198906,214304,331,PPO
0.2859064042568207,0.9002614673143249,0.9005924426476084,1199006,213827,332,PPO
0.2853178083896637,0.9004705959487826,0.9007867556414955,1199094,213360,333,PPO
0.28473278880119324,0.9007004490425111,0.9010007070090063,1199195,212851,334,PPO
0.28415125608444214,0.9009250268193343,0.901210131924218,1199298,212358,335,PPO
0.2835732698440552,0.9011526190629605,0.9014227726291946,1199407,211863,336,PPO
0.2829987704753876,0.9013655157809222,0.9016217418870625,1199509,211400,337,PPO
0.28242769837379456,0.9015859486658911,0.9018273971243379,1199609,210915,338,PPO
0.2818600535392761,0.9018120336761158,0.9020393033752302,1199724,210430,339,PPO
0.2812957465648651,0.9020275680525301,0.9022397852332843,1199812,209946,340,PPO
0.2807347774505615,0.9022634500798645,0.9024610001940401,1199932,209440,341,PPO
0.2801770865917206,0.9024714482892713,0.9026557658936385,1200033,208989,342,PPO
0.2796227037906647,0.9026775624569261,0.9028473500351889,1200113,208522,343,PPO
0.279071569442749,0.9028768940742742,0.9030346988249138,1200218,208098,344,PPO
0.27852362394332886,0.903083008241929,0.9032260977435037,1200294,207627,345,PPO
0.2779788076877594,0.903280079009175,0.9034112845506673,1200396,207206,346,PPO
0.2774372398853302,0.9035118161446553,0.9036286730543637,1200510,206705,347,PPO
0.27689874172210693,0.9037348866880769,0.9038364178326936,1200598,206201,348,PPO
0.2763633131980896,0.9039519282978926,0.9040392157010378,1200692,205719,349,PPO
0.275831013917923,0.9041618105490512,0.9042355319001533,1200785,205255,350,PPO
0.2753016948699951,0.9043701855668083,0.9044316202705629,1200893,204810,351,PPO
0.2747753858566284,0.9045540680417911,0.9046030988617572,1200966,204395,352,PPO
0.2742520570755005,0.9047620662511978,0.9047968633879493,1201045,203922,353,PPO
0.27373170852661133,0.9049580065933925,0.904979990453885,1201127,203484,354,PPO
0.27321428060531616,0.9051528165105361,0.9051620005983138,1201207,203047,355,PPO
0.2726998031139374,0.9053423511107745,0.9053399256387348,1201296,202633,356,PPO
0.2721882164478302,0.9055273640108084,0.9055151522917054,1201404,202250,357,PPO
0.27167943120002747,0.9057255652031053,0.9057011543120675,1201495,201815,358,PPO
0.27117350697517395,0.9058985202359272,0.9058625518545115,1201561,201422,359,PPO
0.2706703841686249,0.906097475044925,0.9060496833387433,1201657,200990,360,PPO
0.27017006278038025,0.9062994443207257,0.9062397372123073,1201755,200552,361,PPO
0.2696724534034729,0.9064840804124092,0.9064143284923852,1201856,200163,362,PPO
0.26917770504951477,0.9066777599045017,0.906596740719733,1201951,199744,363,PPO
0.26868557929992676,0.9068616423794844,0.9067705160724557,1202049,199354,364,PPO
0.268196165561676,0.9070556986799273,0.9069534265426157,1202145,198935,365,PPO
0.2677094638347626,0.9072569143390273,0.9071440051127236,1202257,198513,366,PPO
0.26722535490989685,0.9074423040474116,0.9073199701475192,1202365,198129,367,PPO
0.266743928194046,0.9076171431219853,0.9074842192014055,1202442,197742,368,PPO
0.2662650942802429,0.9078255181397424,0.9076809450683905,1202547,197294,369,PPO
0.26578882336616516,0.9080191976318349,0.9078649140851317,1202660,196893,370,PPO
0.26531514525413513,0.9082076018070221,0.9080444714383158,1202778,196511,371,PPO
0.26484400033950806,0.9083993972573627,0.9082261803190806,1202882,196106,372,PPO
0.26437538862228394,0.9085889318576011,0.9084064259314705,1202994,195715,373,PPO
0.263909250497818,0.9087633941238245,0.9085719507369222,1203091,195349,374,PPO
0.2634456157684326,0.9089649865912749,0.9087633897972247,1203205,194928,375,PPO
0.2629844844341278,0.9091466082161553,0.9089355093463538,1203302,194543,376,PPO
0.2625257670879364,0.9093259689909337,0.9091063613120062,1203410,194175,377,PPO
0.262069433927536,0.9095139963577705,0.9092856953977614,1203526,193792,378,PPO
0.2616155743598938,0.909680545648636,0.9094435654367107,1203614,193438,379,PPO
0.2611640393733978,0.9098580223816624,0.9096133465070456,1203730,193083,380,PPO
0.26071488857269287,0.9100422816649956,0.9097887326604721,1203837,192701,381,PPO
0.26026806235313416,0.9102073237224595,0.9099464133203334,1203941,192367,382,PPO
0.25982359051704407,0.9103734962049747,0.9101055609705214,1204051,192036,383,PPO
0.25938141345977783,0.9105249731618252,0.9102507068860013,1204152,191735,384,PPO
0.25894153118133545,0.910683609477333,0.9104028872591525,1204260,191422,385,PPO
0.2585039436817169,0.9108471443013955,0.9105598364522723,1204372,191100,386,PPO
0.25806859135627747,0.9110178384841151,0.910721934706528,1204463,190738,387,PPO
0.2576355040073395,0.9111934311753896,0.9108898911801103,1204574,190383,388,PPO
0.2572046220302582,0.9113418936654372,0.9110314606053296,1204661,190076,389,PPO
0.25677597522735596,0.9114880953053824,0.911169642502614,1204728,189755,390,PPO
0.25634950399398804,0.911654644596248,0.9113278042666524,1204815,189400,391,PPO
0.2559252083301544,0.9118110200616534,0.9114764217777337,1204898,189068,392,PPO
0.2555031180381775,0.9119753085024167,0.9116321753511547,1204979,188713,393,PPO
0.2550831437110901,0.9121264086509169,0.9117760218270219,1205062,188395,394,PPO
0.2546652555465698,0.9122748711409644,0.9119174120984496,1205144,188083,395,PPO
0.2542495131492615,0.9124301161813186,0.9120665028311756,1205248,187775,396,PPO
0.25383591651916504,0.9125680280375558,0.9121976784886526,1205321,187482,397,PPO
0.25342437624931335,0.912708200743895,0.9123300185700915,1205380,187169,398,PPO
0.25301483273506165,0.9128566632339425,0.9124708431059155,1205452,186847,399,PPO
0.25260740518569946,0.9130085169991435,0.912614869371221,1205525,186517,400,PPO
0.25220200419425964,0.9131430375802272,0.9127413782203795,1205573,186208,401,PPO
0.2517985999584198,0.9132866015617199,0.9128769322212926,1205632,185886,402,PPO
0.2513972520828247,0.913430542351563,0.9130147032654319,1205719,185591,403,PPO
0.2509978413581848,0.9135586571906903,0.9131353429238724,1205766,185298,404,PPO
0.2506004273891449,0.9136916705383724,0.9132608294735423,1205818,184997,405,PPO
0.25020498037338257,0.9138367417532667,0.9133986556806355,1205889,184683,406,PPO
0.24981148540973663,0.9139614653172407,0.9135162508091221,1205936,184399,407,PPO
0.2494198977947235,0.9140831744144116,0.913630509553175,1205974,184114,408,PPO
0.24903026223182678,0.9142146805286923,0.9137547699242002,1206027,183818,409,PPO
0.24864251911640167,0.9143476938763745,0.9138812211734522,1206092,183530,410,PPO
0.24825669825077057,0.9144814608407574,0.9140082560864483,1206155,183238,411,PPO
0.2478727102279663,0.9146171118468922,0.9141367196395936,1206213,182936,412,PPO
0.24749067425727844,0.9147267630768512,0.9142396109738009,1206245,182677,413,PPO
0.24711042642593384,0.9148661821664897,0.9143713895670854,1206300,182362,414,PPO
0.24673204123973846,0.9149995723225223,0.9144975832812794,1206354,182062,415,PPO
0.24635545909404755,0.9151348465203067,0.914625275158082,1206404,181753,416,PPO
0.24598072469234467,0.9152667294429379,0.9147503234711746,1206461,181460,417,PPO
0.24560777842998505,0.9153888153484592,0.9148662466602896,1206516,181191,418,PPO
0.24523665010929108,0.9155176838042872,0.9149884979196913,1206572,180905,419,PPO
0.2448672652244568,0.9156450450267138,0.9151071934411683,1206594,180589,420,PPO
0.24449968338012695,0.9157603483819284,0.9152148082917393,1206616,180305,421,PPO
0.2441338449716568,0.9158895936461069,0.9153364460104759,1206656,180002,422,PPO
0.2437697798013687,0.9160173316768838,0.9154568472560716,1206698,179705,423,PPO
0.24340741336345673,0.9161454465160112,0.9155787720665919,1206758,179425,424,PPO
0.24304677546024323,0.916272054121737,0.9156994555442035,1206820,179151,425,PPO
0.24268785119056702,0.9164001689608643,0.9158209095665628,1206872,178863,426,PPO
0.2423306107521057,0.916507559340721,0.9159217387410838,1206900,178606,427,PPO
0.2419750839471817,0.9166062831285191,0.9160143353506651,1206924,178368,428,PPO
0.241621196269989,0.916726861800639,0.9161283858558779,1206968,178092,429,PPO
0.24126902222633362,0.9168583679149197,0.916252668735233,1207014,177789,430,PPO
0.24091844260692596,0.9169778161619884,0.9163658448632542,1207060,177518,431,PPO
0.24056954681873322,0.9170799312249399,0.9164611973291453,1207077,177264,432,PPO
0.2402222454547882,0.9171895824548989,0.9165640333306504,1207102,176998,433,PPO
0.23987656831741333,0.9173026249600112,0.9166699573227223,1207126,176722,434,PPO
0.23953253030776978,0.9174122761899702,0.9167735901572924,1207163,176468,435,PPO
0.23919005692005157,0.9175109999777683,0.916866132504558,1207184,176227,436,PPO
0.23884916305541992,0.9176206512077273,0.9169686634789577,1207203,175955,437,PPO
0.23850978910923004,0.9177223894623284,0.9170640253235907,1207224,175706,438,PPO
0.2381720393896103,0.9178263885670318,0.9171612422888747,1207241,175447,439,PPO
0.2378358244895935,0.9179300108633848,0.9172578143371466,1207253,175184,440,PPO
0.2375010997056961,0.9180230825259272,0.9173445832275869,1207264,174948,441,PPO
0.23716787993907928,0.9181248207805284,0.9174406393006358,1207295,174709,442,PPO
0.23683618009090424,0.9182205301015235,0.9175295652814943,1207301,174461,443,PPO
0.23650595545768738,0.9183226451644749,0.9176241854518963,1207303,174192,444,PPO
0.2361772358417511,0.9184172240604189,0.9177132250213214,1207327,173965,445,PPO
0.23584994673728943,0.9185231072068742,0.9178124314641146,1207346,173703,446,PPO
0.23552414774894714,0.9186135412109641,0.917896788726655,1207356,173473,447,PPO
0.23519979417324066,0.918708120106908,0.9179857471638407,1207378,173244,448,PPO
0.23487691581249237,0.9188079743197574,0.9180784849426117,1207382,172983,449,PPO
0.2345554232597351,0.9189033068324021,0.9181679226773941,1207400,172748,450,PPO
0.23423533141613007,0.9189952480698934,0.9182541704533788,1207417,172521,451,PPO
0.23391664028167725,0.9190679720815157,0.9183216275817904,1207418,172329,452,PPO
0.23359927535057068,0.9191625509774597,0.9184107801884525,1207442,172102,453,PPO
0.23328320682048798,0.9192526081731992,0.9184943284576669,1207443,171864,454,PPO
0.2329684942960739,0.9193483174941943,0.9185845575439535,1207467,171634,455,PPO
0.23265518248081207,0.919428577672824,0.9186587399648198,1207463,171417,456,PPO
0.2323431670665741,0.9195114755099065,0.918735072364081,1207454,171188,457,PPO
0.2320324331521988,0.9196011558972956,0.9188186996107736,1207461,170957,458,PPO
0.23172298073768616,0.9196912130930351,0.9189024438967648,1207464,170721,459,PPO
0.23141475021839142,0.9197910673058843,0.9189969602549916,1207494,170486,460,PPO
0.2311076819896698,0.919888283860281,0.9190886734189817,1207518,170252,461,PPO
0.2308015376329422,0.9199696744639618,0.9191642929891894,1207519,170037,462,PPO
0.23049600422382355,0.9200570940012487,0.9192473059344045,1207549,169835,463,PPO
0.23019057512283325,0.9201162529122575,0.919303101829489,1207563,169692,464,PPO
0.2298850566148758,0.9201784262900693,0.9193618871136462,1207580,169544,465,PPO
0.22957958281040192,0.920233440309224,0.9194143349522288,1207602,169420,466,PPO
0.2292744517326355,0.920294860070335,0.919471756467991,1207608,169263,467,PPO
0.22896987199783325,0.9203442219642342,0.9195162048088645,1207585,169109,468,PPO
0.2286658138036728,0.9204090330004985,0.9195748306960784,1207559,168911,469,PPO
0.22836297750473022,0.9204802497787193,0.9196382569648939,1207514,168677,470,PPO
0.2280615121126175,0.9205669156993054,0.9197156294499547,1207462,168395,471,PPO
0.22776152193546295,0.9206513207697893,0.9197924470881383,1207435,168144,472,PPO
0.2274644821882248,0.9207278128649153,0.9198611899419847,1207396,167902,473,PPO
0.2271706908941269,0.9208073194268444,0.9199339713461853,1207377,167672,474,PPO
0.22687797248363495,0.9208664783378532,0.9199875338893808,1207353,167491,475,PPO
0.22658522427082062,0.9209316661824679,0.9200464700339533,1207325,167290,476,PPO
0.22629326581954956,0.9209972308354331,0.9201076545953445,1207328,167119,477,PPO
0.22600187361240387,0.9210594042132448,0.9201664821014974,1207344,166970,478,PPO
0.22571001946926117,0.9211132878073485,0.9202174788715701,1207358,166841,479,PPO
0.22541579604148865,0.9211698090599046,0.920269537402869,1207349,166682,480,PPO
0.2251182645559311,0.9212259535041104,0.9203234990338477,1207377,166561,481,PPO
0.2248169630765915,0.9212771994397614,0.9203705976474033,1207367,166415,482,PPO
0.22451283037662506,0.9213476626012814,0.920434199727758,1207334,166195,483,PPO
0.22420988976955414,0.9214185025711518,0.9204959827683158,1207265,165938,484,PPO
0.22390896081924438,0.9215319218846145,0.9205964153157818,1207179,165551,485,PPO
0.22360984981060028,0.9216366746060186,0.9206872959175502,1207068,165162,486,PPO
0.22331221401691437,0.9217180652096995,0.9207542592440013,1206921,164799,487,PPO
0.22301560640335083,0.9218156585724465,0.9208406439692642,1206845,164464,488,PPO
0.22271950542926788,0.9218763247168568,0.9208918958930787,1206757,164215,489,PPO
0.2224218249320984,0.9219260634191062,0.9209346590388736,1206697,164023,490,PPO
0.22212494909763336,0.9219735412712534,0.9209771310247343,1206667,163867,491,PPO
0.2218310385942459,0.9220161206148457,0.9210148586362937,1206634,163721,492,PPO
0.22153832018375397,0.9220790476093582,0.9210709122082221,1206590,163510,493,PPO
0.2212456613779068,0.9221125835525416,0.9210967808182836,1206500,163331,494,PPO
0.22095288336277008,0.9221822930973609,0.921155872516531,1206401,163047,495,PPO
0.2206592559814453,0.9222527562588809,0.9212158053318539,1206304,162763,496,PPO
0.22036485373973846,0.9223202049535979,0.9212714377151028,1206182,162462,497,PPO
0.22007009387016296,0.922396697048724,0.9213379976937923,1206101,162178,498,PPO
0.21977686882019043,0.9224388995839659,0.9213708052390177,1205991,161956,499,PPO
0.21948641538619995,0.9224799716941567,0.921403646038282,1205899,161755,500,PPO
0.7942793965339661,0.6126511896404834,0.43647052438672074,398098,176199,1,GAN_PPO
0.7913594245910645,0.5712742414942109,0.4379613749170118,443301,331211,2,GAN_PPO
0.7884853482246399,0.5212672516993114,0.4362235094797434,491524,512146,3,GAN_PPO
0.7856588959693909,0.48740536929290784,0.44913920344683067,554578,665065,4,GAN_PPO
0.782891571521759,0.49278317806945254,0.49759169385380864,666591,762806,5,GAN_PPO
0.7801920771598816,0.48400429712242765,0.5186200195661627,737661,857174,6,GAN_PPO
0.7775619029998779,0.47348003989646814,0.5464224630297537,841669,989112,7,GAN_PPO
0.7749983668327332,0.4696294353639912,0.5973928275584317,1044257,1201919,8,GAN_PPO
0.772498369216919,0.4484983998833401,0.6062424385418401,1126714,1340455,9,GAN_PPO
0.7700625061988831,0.4378935056704005,0.6033074971406629,1134365,1376250,10,GAN_PPO
0.7676869034767151,0.4369620354282747,0.6029253063902487,1134432,1378789,11,GAN_PPO
0.7653774619102478,0.43668960299095394,0.6028094890929844,1134432,1379512,12,GAN_PPO
0.7631379961967468,0.43656977793553486,0.6027587738593929,1134433,1379831,13,GAN_PPO
0.7609684467315674,0.4365501839013154,0.6027504471083803,1134433,1379883,14,GAN_PPO
0.758865475654602,0.4365596041100748,0.6027620485968597,1134469,1379894,15,GAN_PPO
0.7568223476409912,0.43807663452868245,0.6042605249295773,1138522,1379921,16,GAN_PPO
0.7548419833183289,0.44219816426507863,0.6087609895591755,1151686,1382147,17,GAN_PPO
0.7529211044311523,0.4468374286748894,0.613525416527028,1165236,1383385,18,GAN_PPO
0.7510541081428528,0.44504419773545717,0.6129077363258222,1165973,1388881,19,GAN_PPO
0.7492378950119019,0.4438044982627251,0.6123784078751728,1165974,1392172,20,GAN_PPO
0.7474677562713623,0.44369447022441577,0.6123314541095657,1165974,1392464,21,GAN_PPO
0.7457376718521118,0.44369296299101424,0.6123310145481625,1165975,1392469,22,GAN_PPO
0.7440469264984131,0.4476230740854202,0.6161241193513314,1176420,1392484,23,GAN_PPO
0.7423948645591736,0.452043036035313,0.6205017957064843,1188856,1393190,24,GAN_PPO
0.7407805919647217,0.4698412016569017,0.6381261609385553,1240523,1397623,25,GAN_PPO
0.7392035722732544,0.4684089531171282,0.6375580584886847,1240819,1401720,26,GAN_PPO
0.7376582026481628,0.46761690196464106,0.6372143195163867,1240821,1403824,27,GAN_PPO
0.7361392974853516,0.4675539749701285,0.6371871827407909,1240822,1403992,28,GAN_PPO
0.7346451282501221,0.46755246773672704,0.6371865283244623,1240822,1403996,29,GAN_PPO
0.7331748604774475,0.4680389273170605,0.6376383059166326,1242114,1403997,30,GAN_PPO
0.7317274212837219,0.4709565543740102,0.6403405361954194,1249857,1403997,31,GAN_PPO
0.7303013205528259,0.4709595688408132,0.6403433225726958,1249865,1403997,32,GAN_PPO
0.7288962006568909,0.4709603224575139,0.6403440191652304,1249867,1403997,33,GAN_PPO
0.7275123596191406,0.470961452882565,0.6403450640526941,1249870,1403997,34,GAN_PPO
0.7261499166488647,0.47096182969091543,0.6403454123481584,1249871,1403997,35,GAN_PPO
0.724806547164917,0.4709622064992658,0.6403457606434443,1249872,1403997,36,GAN_PPO
0.7234797477722168,0.4709622064992658,0.6403457606434443,1249872,1403997,37,GAN_PPO
0.7221670746803284,0.4709622064992658,0.6403457606434443,1249872,1403997,38,GAN_PPO
0.7208666205406189,0.4709622064992658,0.6403457606434443,1249872,1403997,39,GAN_PPO
0.7195773720741272,0.4709622064992658,0.6403457606434443,1249872,1403997,40,GAN_PPO
0.7182978391647339,0.4709622064992658,0.6403457606434443,1249872,1403997,41,GAN_PPO
0.7170268893241882,0.4709622064992658,0.6403457606434443,1249872,1403997,42,GAN_PPO
0.715764045715332,0.4709622064992658,0.6403457606434443,1249872,1403997,43,GAN_PPO
0.7145083546638489,0.4709622064992658,0.6403457606434443,1249872,1403997,44,GAN_PPO
0.7132577300071716,0.4709622064992658,0.6403457606434443,1249872,1403997,45,GAN_PPO
0.7120112776756287,0.4709622064992658,0.6403457606434443,1249872,1403997,46,GAN_PPO
0.7107678651809692,0.4709622064992658,0.6403457606434443,1249872,1403997,47,GAN_PPO
0.7095263600349426,0.4709622064992658,0.6403457606434443,1249872,1403997,48,GAN_PPO
0.7082856893539429,0.47096446734936803,0.6403467448482031,1249872,1403991,49,GAN_PPO
0.7070448398590088,0.4710447275279978,0.6403816860773425,1249872,1403778,50,GAN_PPO
0.7058032751083374,0.4711615381166139,0.640432546323387,1249872,1403468,51,GAN_PPO
0.7045601010322571,0.47128814572233974,0.6404876813918762,1249872,1403132,52,GAN_PPO
0.7033146023750305,0.4716404615299399,0.64064115782376,1249872,1402197,53,GAN_PPO
0.7020664215087891,0.47194077778518834,0.6407720402015409,1249872,1401400,54,GAN_PPO
0.7008153200149536,0.4721186313265651,0.6408495766883244,1249872,1400928,55,GAN_PPO
0.6995607018470764,0.47246416458385854,0.6410002679655517,1249872,1400011,56,GAN_PPO
0.6983022689819336,0.4727934950820858,0.6411439589974662,1249872,1399137,57,GAN_PPO
0.6970396041870117,0.4729713486234626,0.6412215855237354,1249872,1398665,58,GAN_PPO
0.6957728266716003,0.47321966532635934,0.6413299980758129,1249872,1398006,59,GAN_PPO
0.6945019364356995,0.47365864705454563,0.6415217427567986,1249872,1396841,60,GAN_PPO
0.6932270526885986,0.4745173932850491,0.6418971698680073,1249872,1394562,61,GAN_PPO
0.6919481754302979,0.47525669126848386,0.642220728692017,1249872,1392600,62,GAN_PPO
0.6906652450561523,0.47598506180975775,0.642539824198523,1249872,1390667,63,GAN_PPO
0.6893779635429382,0.4777726406239343,0.6433242992773184,1249872,1385923,64,GAN_PPO
0.6880854964256287,0.4803296620895756,0.64444977817056,1249872,1379137,65,GAN_PPO
0.6867876648902893,0.4835947064455706,0.6458926323492022,1249872,1370472,66,GAN_PPO
0.6854844093322754,0.4877237723489743,0.6477265837111693,1249872,1359514,67,GAN_PPO
0.6841758489608765,0.4923068923145792,0.6497742581216519,1249871,1347350,68,GAN_PPO
0.682861864566803,0.4967517236155967,0.6517725494388307,1249870,1335553,69,GAN_PPO
0.6815425753593445,0.5013016844463687,0.6538310638676299,1249870,1323478,70,GAN_PPO
0.6802178025245667,0.506095440279833,0.656013990822197,1249870,1310756,71,GAN_PPO
0.6788874268531799,0.5109012539805092,0.6582167288966596,1249868,1298000,72,GAN_PPO
0.6775513887405396,0.515699531514178,0.6604310061495311,1249867,1285265,73,GAN_PPO
0.6762094497680664,0.5204842439472332,0.662654090097675,1249867,1272567,74,GAN_PPO
0.6748617887496948,0.5247840040333566,0.6646644826109118,1249866,1261155,75,GAN_PPO
0.6735079884529114,0.5286255651654245,0.6664707918054632,1249864,1250958,76,GAN_PPO
0.6721484065055847,0.5324045761113303,0.668257649375178,1249864,1240929,77,GAN_PPO
0.6707829236984253,0.5367058434308551,0.6703026136128395,1249861,1229511,78,GAN_PPO
0.6694115996360779,0.5419954790534122,0.6728351928992324,1249860,1215472,79,GAN_PPO
0.668034553527832,0.5475684745554509,0.6755244142952653,1249860,1200682,80,GAN_PPO
0.6666520833969116,0.5535450318007408,0.6784307924880616,1249851,1184812,81,GAN_PPO
0.6652643084526062,0.5604771750225802,0.6818183802043893,1249754,1166318,82,GAN_PPO
0.6638713479042053,0.5681825289793883,0.6856327891463626,1249695,1145810,83,GAN_PPO
0.6624729633331299,0.5763521108238575,0.6897245647529208,1249634,1124068,84,GAN_PPO
0.6610690951347351,0.5841045658244624,0.6936559164854246,1249592,1103452,85,GAN_PPO
0.6596595048904419,0.5916561819743175,0.6975224096809264,1249512,1083331,86,GAN_PPO
0.658244252204895,0.599388289324002,0.7015210433123533,1249396,1062695,87,GAN_PPO
0.6568232774734497,0.6069127752726302,0.7054512866152262,1249247,1042577,88,GAN_PPO
0.6553967595100403,0.6139933809845173,0.7091858967462044,1249076,1023615,89,GAN_PPO
0.6539643406867981,0.6205268609716607,0.7126533071896022,1248828,1006028,90,GAN_PPO
0.6525261402130127,0.6266285185892747,0.7159111206424231,1248520,989527,91,GAN_PPO
0.6510818004608154,0.6327294225901882,0.7191460228143719,1247878,972694,92,GAN_PPO
0.649631142616272,0.6384173446390911,0.7221686751871597,1247138,956859,93,GAN_PPO
0.648173987865448,0.6438350951007755,0.7250997777159272,1246589,941932,94,GAN_PPO
0.6467102766036987,0.6487543281149145,0.7277935791336444,1246150,928438,95,GAN_PPO
0.6452399492263794,0.6536170398764973,0.7304801078249621,1245729,915112,96,GAN_PPO
0.6437628269195557,0.6581440153978965,0.7330049214692659,1245364,902733,97,GAN_PPO
0.642278790473938,0.6627079181376323,0.7355575401473633,1244919,890176,98,GAN_PPO
0.6407877802848816,0.6672529804598494,0.7381184332544782,1244471,877666,99,GAN_PPO
0.6392898559570312,0.6720128235417799,0.7408210912648845,1243999,864562,100,GAN_PPO
0.6377848982810974,0.6764576548427974,0.743365572079586,1243564,852331,101,GAN_PPO
0.6362730264663696,0.6802426947223092,0.7455265921493529,1243056,841778,102,GAN_PPO
0.6347541809082031,0.6838118234170564,0.7475668865533781,1242507,831757,103,GAN_PPO
0.6332284212112427,0.6869464920838217,0.7493511301031283,1241903,822834,104,GAN_PPO
0.6316959261894226,0.6899277997519847,0.751040519211296,1241215,814234,105,GAN_PPO
0.6301568150520325,0.6927180655865078,0.7526161556102947,1240477,806091,106,GAN_PPO
0.6286112070083618,0.695389636790663,0.7541132398691355,1239640,798164,107,GAN_PPO
0.6270595788955688,0.6978844848784925,0.755505938268356,1238774,790677,108,GAN_PPO
0.6255019307136536,0.7001882911326821,0.7567973683800296,1237968,783757,109,GAN_PPO
0.6239387392997742,0.7025067929125364,0.7581048604038674,1237168,776804,110,GAN_PPO
0.6223705410957336,0.7047770632235427,0.7593859186574702,1236349,769960,111,GAN_PPO
0.6207972168922424,0.7070224641834243,0.7606457777679269,1235450,763102,112,GAN_PPO
0.6192191243171692,0.7091755470974641,0.7618602429623487,1234593,756531,113,GAN_PPO
0.6176366806030273,0.7111620807206385,0.7629843506309592,1233793,750459,114,GAN_PPO
0.6160501837730408,0.7131278898845421,0.7640889663427796,1232916,744365,115,GAN_PPO
0.614459753036499,0.7152515817472528,0.7652842378264212,1231945,737758,116,GAN_PPO
0.6128658056259155,0.7171827245429221,0.7663574094111992,1230934,731622,117,GAN_PPO
0.6112685203552246,0.7191700117827972,0.7674803292088629,1229987,725401,118,GAN_PPO
0.6096682548522949,0.7209108663615272,0.768451571112734,1229043,719837,119,GAN_PPO
0.6080648899078369,0.7225884171373945,0.7693877269742943,1228109,714451,120,GAN_PPO
0.606458306312561,0.7240044629181018,0.7701553686144855,1227144,709728,121,GAN_PPO
0.6048487424850464,0.7253127415106021,0.7708684058000168,1226262,705374,122,GAN_PPO
0.6032363772392273,0.7267216279326523,0.7716465022552129,1225365,700738,123,GAN_PPO
0.6016213893890381,0.728088688627811,0.7724005592708159,1224470,696215,124,GAN_PPO
0.600004255771637,0.7293656921272301,0.773094950153602,1223548,691904,125,GAN_PPO
0.5983853936195374,0.7306905502871468,0.7738228829044363,1222627,687467,126,GAN_PPO
0.5967649221420288,0.7319671769782156,0.7745187168826624,1221684,683136,127,GAN_PPO
0.5951432585716248,0.7331047613879962,0.7751269207971683,1220747,679180,128,GAN_PPO
0.5935208797454834,0.7342099402796446,0.7757314928214696,1219920,675420,129,GAN_PPO
0.5918982028961182,0.735294017903672,0.7763276916566929,1219119,671742,130,GAN_PPO
0.590275764465332,0.7364862395242568,0.7770049453410512,1218376,667835,131,GAN_PPO
0.5886539816856384,0.7377364896307994,0.7777216059824985,1217627,663768,132,GAN_PPO
0.5870333313941956,0.7390858403334905,0.7785154568211464,1216945,659505,133,GAN_PPO
0.5854139924049377,0.7405097990895556,0.7793506564661847,1216188,654969,134,GAN_PPO
0.5837961435317993,0.7418508600085385,0.7801402416520916,1215478,650700,135,GAN_PPO
0.5821800827980042,0.7431625298761921,0.7809120711096482,1214763,646504,136,GAN_PPO
0.5805658102035522,0.7444274755083993,0.7816618852142383,1214096,642480,137,GAN_PPO
0.5789532661437988,0.745663783705978,0.7823969014750168,1213444,638547,138,GAN_PPO
0.577342689037323,0.7468205853416277,0.7830769652954783,1212765,634798,139,GAN_PPO
0.5757340788841248,0.747864344472165,0.783683663846932,1212091,631354,140,GAN_PPO
0.5741274952888489,0.7489755522974193,0.7843360310780187,1211407,627721,141,GAN_PPO
0.5725231170654297,0.7500080071774454,0.7849408060951472,1210750,624324,142,GAN_PPO
0.5709211230278015,0.7510555343914865,0.7855595991280425,1210109,620903,143,GAN_PPO
0.5693214535713196,0.7520706560873954,0.7861598591325001,1209481,617581,144,GAN_PPO
0.5677245855331421,0.7531276035101959,0.7867949389233708,1208888,614183,145,GAN_PPO
0.5661308169364929,0.7542550140945163,0.7874828394449838,1208318,610621,146,GAN_PPO
0.564540445804596,0.7555410609943445,0.788286686016117,1207790,606680,147,GAN_PPO
0.5629535913467407,0.7568289919359245,0.7890966513982138,1207280,602752,148,GAN_PPO
0.5613705515861511,0.7581240822361616,0.7899175945286878,1206797,598832,149,GAN_PPO
0.5597919225692749,0.7594692880469985,0.7907840179135922,1206377,594842,150,GAN_PPO
0.558218777179718,0.7606720603013939,0.7915532368002095,1205946,591219,151,GAN_PPO
0.556652307510376,0.7617120513484276,0.7922109457222007,1205507,588020,152,GAN_PPO
0.5550927519798279,0.7626567098828164,0.7928042436646673,1205068,585074,153,GAN_PPO
0.5535403490066528,0.7635693397074234,0.7933886311325072,1204717,582301,154,GAN_PPO
0.551995575428009,0.7644906361240891,0.793981328114725,1204374,579513,155,GAN_PPO
0.5504582524299622,0.7654658161348582,0.7946193851150092,1204080,576631,156,GAN_PPO
0.5489279627799988,0.7665137201572496,0.795306101684613,1203761,573531,157,GAN_PPO
0.5474042296409607,0.7676475364835265,0.7960606017510862,1203488,570249,158,GAN_PPO
0.5458868741989136,0.7688386276790603,0.7968563114177593,1203210,566810,159,GAN_PPO
0.544375479221344,0.7699193140279343,0.7975818717288768,1202972,563704,160,GAN_PPO
0.5428698062896729,0.7709642035835228,0.7982822676323933,1202722,560681,161,GAN_PPO
0.541369616985321,0.7719619920953145,0.7989499390554036,1202464,557775,162,GAN_PPO
0.5398747324943542,0.7728780131950748,0.7995593146165086,1202191,555071,163,GAN_PPO
0.538385272026062,0.7739164970087069,0.8002629888179817,1201967,552091,164,GAN_PPO
0.5369015336036682,0.774979096556763,0.8009833921764534,1201729,549033,165,GAN_PPO
0.5354241132736206,0.7760119282451394,0.801685044082779,1201497,546060,166,GAN_PPO
0.5339539051055908,0.7769656301799372,0.8023337748149751,1201279,543311,167,GAN_PPO
0.5324903726577759,0.7779781142173936,0.8030244831631242,1201052,540397,168,GAN_PPO
0.5310331583023071,0.7790120763308211,0.8037338139873119,1200839,537440,169,GAN_PPO
0.5295820236206055,0.7800599803532126,0.8044552780377855,1200631,534451,170,GAN_PPO
0.5281371474266052,0.7812239413475194,0.8052639505052345,1200442,531173,171,GAN_PPO
0.526698648929596,0.7824086268010968,0.8060863979174719,1200230,527817,172,GAN_PPO
0.5252665877342224,0.7836053701218862,0.8069236544184122,1200050,524461,173,GAN_PPO
0.5238410830497742,0.7847293894310533,0.8077086191506463,1199856,521284,174,GAN_PPO
0.5224221348762512,0.7857980179127153,0.8084546755181823,1199657,518249,175,GAN_PPO
0.5210098028182983,0.7867946759994559,0.8091516437940782,1199469,515416,176,GAN_PPO
0.5196041464805603,0.7877389577254944,0.8098076613364746,1199247,512688,177,GAN_PPO
0.5182051658630371,0.7886188052236188,0.8104194321957603,1199035,510141,178,GAN_PPO
0.5168125033378601,0.7895393480235837,0.8110623583690748,1198826,507489,179,GAN_PPO
0.5154263973236084,0.7904436880644825,0.8116952221135331,1198621,504884,180,GAN_PPO
0.5140465497970581,0.791267391118401,0.812271014788916,1198421,502498,181,GAN_PPO
0.5126729607582092,0.7921189779902474,0.8128727906456916,1198257,500074,182,GAN_PPO
0.511305570602417,0.7929407970024143,0.8134545674279782,1198099,497735,183,GAN_PPO
0.5099443197250366,0.793744529213763,0.8140246875325956,1197946,495449,184,GAN_PPO
0.5085890889167786,0.7945068125065706,0.8145689419502781,1197822,493302,185,GAN_PPO
0.5072398781776428,0.7952804000498894,0.8151234911337037,1197707,491134,186,GAN_PPO
0.505897045135498,0.7959978431490025,0.8156342509365655,1197566,489089,187,GAN_PPO
0.5045599341392517,0.7967179239065681,0.8161479693205077,1197427,487039,188,GAN_PPO
0.5032285451889038,0.7974138889297098,0.8166470060032378,1197307,485072,189,GAN_PPO
0.5019025802612305,0.7981644911636557,0.8171876914444816,1197191,482964,190,GAN_PPO
0.5005820393562317,0.7989422235988287,0.8177520472030808,1197097,480806,191,GAN_PPO
0.49926653504371643,0.7997060141250378,0.8183085371614439,1197016,478698,192,GAN_PPO
0.49795618653297424,0.8004068776567344,0.8188185894164504,1196931,476753,193,GAN_PPO
0.4966506361961365,0.8011333641562564,0.8193513893177012,1196870,474764,194,GAN_PPO
0.49535003304481506,0.8018078511034268,0.8198424817111224,1196779,472883,195,GAN_PPO
0.4940541982650757,0.8024849757090496,0.820336821973118,1196693,471000,196,GAN_PPO
0.4927629828453064,0.8031334628800442,0.8208111715810081,1196613,469199,197,GAN_PPO
0.4914761781692505,0.8038053121687619,0.8213039773185523,1196536,467339,198,GAN_PPO
0.4901939034461975,0.8044240314800768,0.8217587481185411,1196468,465629,199,GAN_PPO
0.48891597986221313,0.8050676201425164,0.8222317445841376,1196392,463845,200,GAN_PPO
0.48764243721961975,0.8056983973210433,0.8226967034682472,1196324,462103,201,GAN_PPO
0.48637306690216064,0.8063095804653507,0.8231461758894403,1196245,460402,202,GAN_PPO
0.4851078391075134,0.806934705518622,0.8236083904528132,1196180,458678,203,GAN_PPO
0.48384666442871094,0.8075737724808572,0.824082526616322,1196122,456924,204,GAN_PPO
0.4825894236564636,0.808221506035151,0.824564638824555,1196071,455154,205,GAN_PPO
0.48133617639541626,0.8088500223635756,0.8250327231338329,1196019,453434,206,GAN_PPO
0.4800867736339569,0.8095165963353881,0.8255301554607289,1195967,451613,207,GAN_PPO
0.4788411259651184,0.8101880688157554,0.8260329011576947,1195923,449787,208,GAN_PPO
0.4775993525981903,0.8108855410722986,0.8265552864204178,1195873,447886,209,GAN_PPO
0.47636115550994873,0.8115295065430886,0.8270380029780492,1195825,446129,210,GAN_PPO
0.4751266539096832,0.8121689503136741,0.8275177671104565,1195776,444383,211,GAN_PPO
0.4738956689834595,0.8128490893861001,0.8280307573413624,1195741,442543,212,GAN_PPO
0.47266820073127747,0.8135420399424388,0.8285533427134955,1195699,440662,213,GAN_PPO
0.47144412994384766,0.8142165268896091,0.8290608810153897,1195643,438816,214,GAN_PPO
0.47022348642349243,0.8148793327779178,0.8295614682069133,1195598,437012,215,GAN_PPO
0.46900618076324463,0.815567761634052,0.8300834726279558,1195563,435150,216,GAN_PPO
0.4677921235561371,0.8162810598413109,0.8306228552808292,1195508,433202,217,GAN_PPO
0.46658143401145935,0.8169551699801308,0.8311331750725748,1195455,431360,218,GAN_PPO
0.4653739035129547,0.8176142077849359,0.831638569789776,1195453,429609,219,GAN_PPO
0.46416956186294556,0.8182238836958418,0.8321014999178623,1195407,427945,220,GAN_PPO
0.4629684090614319,0.8188444870489086,0.8325728066585988,1195356,426247,221,GAN_PPO
0.46177029609680176,0.8194741338023843,0.8330556107283859,1195339,424559,222,GAN_PPO
0.4605754017829895,0.8200958675805022,0.8335338143483042,1195330,422900,223,GAN_PPO
0.45938360691070557,0.8207545285769569,0.8340412051893391,1195322,421144,224,GAN_PPO
0.4581948220729828,0.8214346676493829,0.8345675598969051,1195329,419346,225,GAN_PPO
0.4570091962814331,0.8220695897197638,0.8350612978560945,1195351,417683,226,GAN_PPO
0.45582646131515503,0.8227158160406561,0.8355626388182601,1195358,415975,227,GAN_PPO
0.45464691519737244,0.8233808827790671,0.8360802273986246,1195374,414226,228,GAN_PPO
0.45347028970718384,0.8240335148419157,0.8365879826073447,1195383,412503,229,GAN_PPO
0.45229673385620117,0.824676726696005,0.837091073332388,1195410,410823,230,GAN_PPO
0.4511261284351349,0.8253455615179197,0.8376168625381951,1195456,409094,231,GAN_PPO
0.449958473443985,0.8259914110304616,0.8381227403414385,1195479,407403,232,GAN_PPO
0.44879376888275146,0.8266293475676456,0.8386230330885512,1195502,405733,233,GAN_PPO
0.44763198494911194,0.8272503277290627,0.8391103137779659,1195522,404105,234,GAN_PPO
0.446473091840744,0.8278799744825385,0.8396075162382011,1195565,402477,235,GAN_PPO
0.44531720876693726,0.8284723172093272,0.8400750418948781,1195599,400939,236,GAN_PPO
0.44416412711143494,0.8290262254843778,0.8405116932034112,1195622,399492,237,GAN_PPO
0.443013995885849,0.8295842786512824,0.8409539366679737,1195662,398051,238,GAN_PPO
0.4418666660785675,0.8301460999016907,0.8413985720699356,1195693,396591,239,GAN_PPO
0.4407222867012024,0.8306845590343759,0.8418273974444765,1195743,395212,240,GAN_PPO
0.4395807683467865,0.8312256558255137,0.8422580339562293,1195787,393820,241,GAN_PPO
0.43844208121299744,0.8317558251744905,0.8426806907564186,1195833,392459,242,GAN_PPO
0.43730640411376953,0.8322720526145035,0.8430910839323533,1195864,391120,243,GAN_PPO
0.43617355823516846,0.8328093813221376,0.8435199494413367,1195908,389738,244,GAN_PPO
0.43504366278648376,0.8333082755780334,0.8439175262096816,1195940,388446,245,GAN_PPO
0.4339166581630707,0.8338508796025726,0.8443518974794876,1195989,387055,246,GAN_PPO
0.43279269337654114,0.8344119472362803,0.8447993264321352,1196020,385597,247,GAN_PPO
0.4316716492176056,0.8349941161376089,0.845263166821673,1196044,384076,248,GAN_PPO
0.4305535554885864,0.8356294150163402,0.8457694415471918,1196066,382412,249,GAN_PPO
0.42943844199180603,0.8362473807109545,0.8462623153798532,1196086,380792,250,GAN_PPO
0.42832624912261963,0.8368182453617719,0.8467161138807923,1196086,379277,251,GAN_PPO
0.4272169768810272,0.8373502987525006,0.8471387406159553,1196079,377858,252,GAN_PPO
0.42611071467399597,0.8379015693690984,0.8475772180046728,1196073,376389,253,GAN_PPO
0.4250074028968811,0.8384219417009656,0.8479923657113526,1196075,375010,254,GAN_PPO
0.4239071309566498,0.8389498501998404,0.8484155497785139,1196092,373626,255,GAN_PPO
0.4228098690509796,0.8394728601901601,0.8488339415203683,1196097,372243,256,GAN_PPO
0.4217156171798706,0.8400237539984076,0.8492765518739784,1196116,370800,257,GAN_PPO
0.42062443494796753,0.8405723869565529,0.8497172652875653,1196130,369358,258,GAN_PPO
0.4195363521575928,0.841116875022844,0.8501533985971838,1196128,367911,259,GAN_PPO
0.4184512197971344,0.8416730441479967,0.8506012692771151,1196144,366451,260,GAN_PPO
0.41736921668052673,0.8422868649507568,0.8510946526419448,1196148,364826,261,GAN_PPO
0.41629013419151306,0.8429183957459845,0.8516012684272954,1196137,363139,262,GAN_PPO
0.41521406173706055,0.8435182746397807,0.8520815271632545,1196112,361522,263,GAN_PPO
0.41414088010787964,0.8440947914158536,0.8525429841805671,1196082,359962,264,GAN_PPO
0.4130706787109375,0.844635511398641,0.8529742863591937,1196035,358480,265,GAN_PPO
0.41200336813926697,0.845172840106275,0.8534055154840917,1196009,357028,266,GAN_PPO
0.41093888878822327,0.8457580234744067,0.8538771611178698,1195995,355461,267,GAN_PPO
0.4098772406578064,0.8462697292142152,0.8542896306989655,1195979,354087,268,GAN_PPO
0.4088183641433716,0.8467659858116584,0.8546880153336495,1195944,352735,269,GAN_PPO
0.4077622592449188,0.8472871117602263,0.8551133946465458,1195971,351379,270,GAN_PPO
0.40670883655548096,0.8477743249572605,0.8555066782026598,1195950,350065,271,GAN_PPO
0.40565815567970276,0.8482713351714045,0.855910053818848,1195946,348742,272,GAN_PPO
0.40461012721061707,0.8487219979584524,0.8562772385262575,1195953,347553,273,GAN_PPO
0.40356460213661194,0.8491681390452958,0.8566406417878375,1195956,346372,274,GAN_PPO
0.40252184867858887,0.8496463088419209,0.8570300426847118,1195955,345102,275,GAN_PPO
0.4014818072319031,0.850113174388035,0.857409248862407,1195941,343849,276,GAN_PPO
0.40044474601745605,0.850595112268164,0.857801206947317,1195928,342557,277,GAN_PPO
0.3994107246398926,0.8511090788580747,0.8582220463270175,1195938,341203,278,GAN_PPO
0.39837977290153503,0.8516124948141751,0.858634255295548,1195944,339873,279,GAN_PPO
0.3973517417907715,0.8521539684136632,0.8590790307310605,1195960,338452,280,GAN_PPO
0.3963269293308258,0.8526607756449169,0.8594944273023198,1195962,337109,281,GAN_PPO
0.39530521631240845,0.8532026260527554,0.8599386734438179,1195961,335670,282,GAN_PPO
0.3942868709564209,0.8537154622176151,0.8603616597762305,1195981,334329,283,GAN_PPO
0.39327186346054077,0.8542369649745334,0.8607940764539331,1196020,332984,284,GAN_PPO
0.39226019382476807,0.8547652502817584,0.8612341796077602,1196076,331638,285,GAN_PPO
0.3912518322467804,0.8552935355889835,0.8616738945639488,1196124,330284,286,GAN_PPO
0.39024680852890015,0.855798081970135,0.8620961409636005,1196189,329010,287,GAN_PPO
0.38924506306648254,0.8562920777174758,0.8625083638083592,1196237,327747,288,GAN_PPO
0.38824546337127686,0.8567615809220425,0.8629014108889466,1196292,326556,289,GAN_PPO
0.3872471749782562,0.8572465332689745,0.8633089320100406,1196361,325338,290,GAN_PPO
0.386249303817749,0.8576987032894239,0.8636900621797303,1196434,324211,291,GAN_PPO
0.3852517008781433,0.8581399458677124,0.8640595876269302,1196478,323084,292,GAN_PPO
0.38425612449645996,0.8585480293111679,0.864402316533421,1196526,322049,293,GAN_PPO
0.38325971364974976,0.8589591272214265,0.8647499400179801,1196596,321028,294,GAN_PPO
0.38226398825645447,0.8593495006724144,0.865081579689296,1196676,320072,295,GAN_PPO
0.38126760721206665,0.8597609753910235,0.8654291034657314,1196737,319041,296,GAN_PPO
0.38027307391166687,0.8601641603259241,0.8657728947374133,1196828,318062,297,GAN_PPO
0.37928110361099243,0.8605552873936129,0.8661062009658843,1196912,317108,298,GAN_PPO
0.3782918155193329,0.860970907004076,0.8664590372194786,1196985,316078,299,GAN_PPO
0.37730535864830017,0.8613978308650503,0.8668202795010141,1197045,315005,300,GAN_PPO
0.3763217628002167,0.861832290893032,0.867188934650823,1197114,313921,301,GAN_PPO
0.3753410875797272,0.8622494177368966,0.8675434013372764,1197183,312883,302,GAN_PPO
0.37436339259147644,0.8626981964821926,0.8679254994282152,1197262,311771,303,GAN_PPO
0.37338802218437195,0.8631533809694449,0.8683148596625898,1197358,310659,304,GAN_PPO
0.372415691614151,0.8636319275744206,0.86872051994804,1197417,309448,305,GAN_PPO
0.37144652009010315,0.864108213329294,0.8691268116954447,1197499,308266,306,GAN_PPO
0.37048041820526123,0.8645701803668531,0.8695205798972394,1197572,307113,307,GAN_PPO
0.36951589584350586,0.8649873072107176,0.8698790472821772,1197666,306100,308,GAN_PPO
0.368554949760437,0.8654379699977656,0.870264477221536,1197745,304983,309,GAN_PPO
0.36759763956069946,0.8658905168265653,0.8706536604015777,1197844,303881,310,GAN_PPO
0.3666439950466156,0.8663343970633064,0.8710338747352826,1197922,302781,311,GAN_PPO
0.36569392681121826,0.8667503934821199,0.8713912937535345,1198004,301759,312,GAN_PPO
0.3647476136684418,0.8672470268879134,0.8718166460916354,1198084,300521,313,GAN_PPO
0.3638053834438324,0.8677278343429913,0.8722284646035141,1198158,299319,314,GAN_PPO
0.362867534160614,0.8682308734907412,0.8726597406569877,1198236,298062,315,GAN_PPO
0.3619343340396881,0.8687463473140535,0.8730993870823898,1198287,296745,316,GAN_PPO
0.36100563406944275,0.8692482560367524,0.8735300056346899,1198360,295486,317,GAN_PPO
0.3600813150405884,0.8697682515602692,0.8739742710870612,1198411,294157,318,GAN_PPO
0.3591615557670593,0.8702735515581214,0.8744066934067317,1198464,292869,319,GAN_PPO
0.3582461476325989,0.8707396634875346,0.8748084025517131,1198540,291708,320,GAN_PPO
0.35733479261398315,0.8711839205326262,0.8751915329389194,1198612,290601,321,GAN_PPO
0.35642749071121216,0.8716391050198785,0.875581863782972,1198658,289439,322,GAN_PPO
0.3555240035057068,0.8720554782470423,0.8759408166068928,1198718,288394,323,GAN_PPO
0.354624480009079,0.872457532756892,0.8762898466821706,1198800,287409,324,GAN_PPO
0.35372868180274963,0.8728693842838512,0.8766464482492605,1198871,286387,325,GAN_PPO
0.35283634066581726,0.8732842502776136,0.8770074833397764,1198960,285375,326,GAN_PPO
0.35194745659828186,0.8737138117970404,0.8773820887342345,1199058,284333,327,GAN_PPO
0.3510620594024658,0.8741169967319412,0.8777343765725719,1199155,283360,328,GAN_PPO
0.35018017888069153,0.8745296018756012,0.8780960874416807,1199265,282375,329,GAN_PPO
0.3493019640445709,0.8749817718960506,0.8784922553837297,1199380,281290,330,GAN_PPO
0.348427951335907,0.8754045508651708,0.8788602177482641,1199457,280245,331,GAN_PPO
0.34755900502204895,0.8758631266275766,0.8792602927793959,1199548,279119,332,GAN_PPO
0.34669482707977295,0.8763416732325522,0.8796755592595294,1199614,277915,333,GAN_PPO
0.3458350598812103,0.8767904519778482,0.8800648785690915,1199671,276781,334,GAN_PPO
0.34497982263565063,0.8772301873227352,0.880445699050398,1199716,275659,335,GAN_PPO
0.34412986040115356,0.8776687922425711,0.8808262881017905,1199766,274545,336,GAN_PPO
0.34328415989875793,0.8780746148359244,0.8811784112174242,1199809,273511,337,GAN_PPO
0.3424418568611145,0.8784793070042266,0.8815308636895954,1199864,272492,338,GAN_PPO
0.3416031002998352,0.8788847527892296,0.881883172291435,1199907,271459,339,GAN_PPO
0.3407674729824066,0.879285676874028,0.8822392914066589,1200036,270524,340,GAN_PPO
0.3399341106414795,0.8796899922339799,0.8825957795270032,1200133,269548,341,GAN_PPO
0.3391033411026001,0.8800660469676537,0.8829287436970417,1200237,268654,342,GAN_PPO
0.33827465772628784,0.8804726231777077,0.8832907154289078,1200370,267708,343,GAN_PPO
0.3374486565589905,0.8808701559873529,0.8836474110440286,1200530,266813,344,GAN_PPO
0.33662497997283936,0.8812514860379318,0.8839880005993074,1200663,265934,345,GAN_PPO
0.3358018696308136,0.8816271639632551,0.8843221037995417,1200775,265049,346,GAN_PPO
0.3349788784980774,0.8819937984881695,0.884648576933546,1200887,264188,347,GAN_PPO
0.33415210247039795,0.8823739981136974,0.8849879005992225,1201010,263302,348,GAN_PPO
0.33331769704818726,0.8827839655989048,0.8853519241428925,1201118,262322,349,GAN_PPO
0.3324720561504364,0.8831860201087545,0.8857098301070646,1201232,261369,350,GAN_PPO
0.331618070602417,0.8835251476240915,0.8860127185599154,1201338,260575,351,GAN_PPO
0.33076250553131104,0.8838439274885083,0.8862983589663012,1201447,259838,352,GAN_PPO
0.32992076873779297,0.8841483886356108,0.8865716188322361,1201555,259138,353,GAN_PPO
0.3290930390357971,0.8844769655171374,0.8868626027693999,1201623,258334,354,GAN_PPO
0.3282817006111145,0.8848744983267826,0.8872158413443969,1201717,257373,355,GAN_PPO
0.3274792730808258,0.8852863498537419,0.8875779413692569,1201765,256328,356,GAN_PPO
0.3266873359680176,0.8857046071226575,0.8879415792617757,1201761,255214,357,GAN_PPO
0.32590925693511963,0.8861597916099099,0.8883367848051954,1201746,253991,358,GAN_PPO
0.3251399099826813,0.8866164833305638,0.888729469929907,1201680,252713,359,GAN_PPO
0.3243761360645294,0.887054334633699,0.8891063445970868,1201617,251488,360,GAN_PPO
0.3236154317855835,0.8874428240429351,0.8894404512513787,1201554,250394,361,GAN_PPO
0.32285407185554504,0.8877827051749728,0.8897388772551308,1201571,249509,362,GAN_PPO
0.32209378480911255,0.8880438333617824,0.8899690145883629,1201593,248838,363,GAN_PPO
0.3213347792625427,0.8882767009223138,0.8901781120720405,1201659,248286,364,GAN_PPO
0.3205774128437042,0.8884394821296756,0.8903273173946334,1201742,247937,365,GAN_PPO
0.31982290744781494,0.8885886982364238,0.8904655688439742,1201836,247635,366,GAN_PPO
0.31907251477241516,0.8887492185936834,0.8906130109922356,1201921,247294,367,GAN_PPO
0.3183262348175049,0.8889455357442285,0.8907911089635894,1201997,246849,368,GAN_PPO
0.31758373975753784,0.8892190986066004,0.8910336382188401,1202032,246158,369,GAN_PPO
0.316844642162323,0.8895375016626669,0.8913143982942671,1202052,245333,370,GAN_PPO
0.31610891222953796,0.8899459619144728,0.8916725113837533,1202049,244246,371,GAN_PPO
0.31537652015686035,0.8903777842840019,0.8920483113334374,1202007,243058,372,GAN_PPO
0.3146478831768036,0.8908182732455897,0.8924287998004159,1201924,241806,373,GAN_PPO
0.313923180103302,0.8912610230572797,0.8928139644670635,1201870,240577,374,GAN_PPO
0.31320250034332275,0.8916796571345458,0.8931801595452944,1201840,239436,375,GAN_PPO
0.3124857544898987,0.892060233568424,0.8935137582552878,1201818,238404,376,GAN_PPO
0.31177279353141785,0.8923699700324319,0.8937863947703085,1201812,237576,377,GAN_PPO
0.3110634386539459,0.8926635037373736,0.8940487627795773,1201855,236840,378,GAN_PPO
0.31035780906677246,0.8929137044820222,0.8942713528205727,1201877,236198,379,GAN_PPO
0.30965593457221985,0.8931657892684228,0.894498772047332,1201938,235590,380,GAN_PPO
0.3089579641819,0.8934058161876114,0.8947145307695944,1201985,235000,381,GAN_PPO
0.30826395750045776,0.8936635530992675,0.8949483811911209,1202062,234393,382,GAN_PPO
0.30757391452789307,0.8939567099958589,0.8952085830472678,1202074,233627,383,GAN_PPO
0.30688759684562683,0.8942754898602757,0.8954909110142424,1202077,232784,384,GAN_PPO
0.30620500445365906,0.8946131101422112,0.8957908805330227,1202090,231901,385,GAN_PPO
0.30552592873573303,0.8949786142420745,0.896113514639782,1202074,230915,386,GAN_PPO
0.30485036969184875,0.8953230170743168,0.8964172854743176,1202053,229980,387,GAN_PPO
0.30417829751968384,0.8956719416067636,0.8967260571504877,1202042,229043,388,GAN_PPO
0.3035097122192383,0.8959975040214871,0.8970136038354465,1202022,228159,389,GAN_PPO
0.3028445839881897,0.8963091245272469,0.8972913295073842,1202033,227343,390,GAN_PPO
0.30218276381492615,0.8966245131165103,0.8975749441384061,1202075,226548,391,GAN_PPO
0.30152428150177,0.8968984527872326,0.8978228283738094,1202130,225876,392,GAN_PPO
0.3008689284324646,0.8971505375736331,0.8980481728350331,1202143,225220,393,GAN_PPO
0.30021652579307556,0.8974014919349824,0.8982763432339831,1202205,224616,394,GAN_PPO
0.2995665967464447,0.8976076061026373,0.8984636677373214,1202254,224118,395,GAN_PPO
0.29891911149024963,0.8978299230293583,0.8986654209100252,1202302,223576,396,GAN_PPO
0.29827389121055603,0.8980857758992625,0.8988990425823401,1202375,222970,397,GAN_PPO
0.29763102531433105,0.8983416287691668,0.8991294386142804,1202404,222320,398,GAN_PPO
0.2969905734062195,0.8985929599388666,0.899356056172216,1202435,221684,399,GAN_PPO
0.2963525652885437,0.8988627547177348,0.899598889324052,1202461,220994,400,GAN_PPO
0.2957165539264679,0.8991585492727787,0.8998650749047554,1202487,220235,401,GAN_PPO
0.29508209228515625,0.8994543438278227,0.9001329016307116,1202533,219496,402,GAN_PPO
0.2944489121437073,0.8997610658250276,0.9004111645994879,1202586,218735,403,GAN_PPO
0.2938191890716553,0.9000647733554293,0.900683009104666,1202587,217930,404,GAN_PPO
0.2931942641735077,0.9003436115347065,0.9009345990431138,1202613,217216,405,GAN_PPO
0.2925742268562317,0.9006341307728453,0.9011942685301961,1202605,216437,406,GAN_PPO
0.29195860028266907,0.9009348238364441,0.901464690758356,1202617,215651,407,GAN_PPO
0.291346937417984,0.9012524732758098,0.9017477571443515,1202592,214783,408,GAN_PPO
0.2907383143901825,0.9015478910225033,0.9020131117219063,1202595,214002,409,GAN_PPO
0.29013198614120483,0.9018071351675611,0.9022478152232342,1202621,213340,410,GAN_PPO
0.2895281910896301,0.9020535678287059,0.9024719961129423,1202659,212724,411,GAN_PPO
0.2889275848865509,0.9022864353892374,0.9026846632434292,1202705,212152,412,GAN_PPO
0.2883305847644806,0.9025106363577102,0.9028893281255513,1202747,211599,413,GAN_PPO
0.28773730993270874,0.9027506632768988,0.9031081657913675,1202787,211002,414,GAN_PPO
0.28714805841445923,0.9029959655129925,0.9033294480260036,1202794,210358,415,GAN_PPO
0.28656259179115295,0.9032695283753644,0.9035770868718951,1202812,209650,416,GAN_PPO
0.2859804034233093,0.903563815697007,0.9038431697875584,1202825,208882,417,GAN_PPO
0.28540119528770447,0.9038373785593787,0.9040906437990182,1202837,208168,418,GAN_PPO
0.284824937582016,0.9041256369474152,0.9043494932483234,1202821,207387,419,GAN_PPO
0.2842515707015991,0.9043965621513346,0.9045943570866946,1202826,206673,420,GAN_PPO
0.2836810052394867,0.904636589070523,0.9048118028219233,1202836,206046,421,GAN_PPO
0.2831132709980011,0.9048615436556966,0.9050182319400718,1202881,205494,422,GAN_PPO
0.2825482189655304,0.9050635129314973,0.9052036783903036,1202922,204999,423,GAN_PPO
0.2819858491420746,0.9052666126323492,0.9053908512001035,1202972,204510,424,GAN_PPO
0.28142625093460083,0.9054633065912447,0.9055721494899373,1203020,204036,425,GAN_PPO
0.28086942434310913,0.9056720584173522,0.9057668998019981,1203103,203565,426,GAN_PPO
0.2803153991699219,0.9058555640839846,0.9059351014057008,1203133,203108,427,GAN_PPO
0.27976423501968384,0.9060586637848363,0.9061218065305194,1203173,202609,428,GAN_PPO
0.2792157828807831,0.9062768358197032,0.9063220180863673,1203210,202067,429,GAN_PPO
0.2786702513694763,0.9065134714637384,0.9065372080994732,1203221,201450,430,GAN_PPO
0.2781275510787964,0.906738426048912,0.9067444348992479,1203268,200900,431,GAN_PPO
0.2775875926017761,0.9069603661672826,0.9069475331288489,1203294,200337,432,GAN_PPO
0.2770504355430603,0.9071732628852441,0.9071429971458769,1203327,199805,433,GAN_PPO
0.27651605010032654,0.9073748553526945,0.9073265258804479,1203335,199278,434,GAN_PPO
0.27598437666893005,0.9075658971863344,0.9075029165984807,1203377,198813,435,GAN_PPO
0.27545538544654846,0.907763721570281,0.9076871962526243,1203443,198354,436,GAN_PPO
0.2749289870262146,0.9079540097872201,0.9078635699802057,1203493,197899,437,GAN_PPO
0.27440521121025085,0.9081356314121006,0.9080311476980626,1203529,197453,438,GAN_PPO
0.27388399839401245,0.9083319485626457,0.9082125567410713,1203571,196974,439,GAN_PPO
0.2733653485774994,0.9085376859219502,0.9084028029091749,1203616,196473,440,GAN_PPO
0.27284911274909973,0.9087275973305389,0.9085791258092385,1203667,196020,441,GAN_PPO
0.27233535051345825,0.908932957881493,0.9087680516044864,1203696,195504,442,GAN_PPO
0.27182409167289734,0.9091447241744035,0.9089649433593544,1203755,195001,443,GAN_PPO
0.27131521701812744,0.9093553600422628,0.9091603223507847,1203806,194493,444,GAN_PPO
0.2708088159561157,0.9095588365514651,0.9093477368376724,1203835,193982,445,GAN_PPO
0.27030491828918457,0.9097724868861274,0.9095479816657236,1203915,193495,446,GAN_PPO
0.26980355381965637,0.9099691808450229,0.9097310481671168,1203969,193027,447,GAN_PPO
0.2693047523498535,0.9101583386369109,0.9099068189203691,1204016,192572,448,GAN_PPO
0.2688084840774536,0.91034862685385,0.9100848310502732,1204080,192131,449,GAN_PPO
0.26831477880477905,0.910531755712132,0.910255949908399,1204138,191703,450,GAN_PPO
0.26782363653182983,0.9107152613787644,0.9104284088804213,1204210,191288,451,GAN_PPO
0.2673349380493164,0.9109047959790028,0.9106062181356935,1204279,190854,452,GAN_PPO
0.26684877276420593,0.9110856639871825,0.9107733890548257,1204307,190402,453,GAN_PPO
0.26636508107185364,0.9112495756195954,0.9109241002476389,1204320,189980,454,GAN_PPO
0.26588380336761475,0.9114266755442714,0.9110893410999319,1204369,189559,455,GAN_PPO
0.2654048800468445,0.9116037754689474,0.911253957013068,1204408,189128,456,GAN_PPO
0.26492831110954285,0.9117778609268204,0.911415594911268,1204443,188701,457,GAN_PPO
0.2644539177417755,0.9119587289350002,0.9115836906817951,1204481,188259,458,GAN_PPO
0.26398178935050964,0.9121373360930777,0.9117490994226768,1204509,187813,459,GAN_PPO
0.26351192593574524,0.9122989868753884,0.9119002944517478,1204556,187431,460,GAN_PPO
0.2630442976951599,0.912463652124502,0.912053357804389,1204589,187027,461,GAN_PPO
0.26257890462875366,0.9126166363147541,0.9121942945071455,1204600,186632,462,GAN_PPO
0.2621157467365265,0.9127764030553128,0.9123412918412419,1204608,186216,463,GAN_PPO
0.26165473461151123,0.9129421987294776,0.9124947922584555,1204630,185798,464,GAN_PPO
0.26119592785835266,0.9131019654700364,0.9126426088122568,1204649,185393,465,GAN_PPO
0.26073935627937317,0.9132881087951213,0.91281599758742,1204688,184938,466,GAN_PPO
0.2602848410606384,0.9134633246780455,0.9129774301443966,1204697,184482,467,GAN_PPO
0.2598325312137604,0.9136377869442689,0.9131390153223453,1204718,184040,468,GAN_PPO
0.25938233733177185,0.9137960464514262,0.9132845832183566,1204721,183623,469,GAN_PPO
0.25893428921699524,0.9139641029756932,0.9134406441682905,1204746,183202,470,GAN_PPO
0.25848838686943054,0.9141347971584128,0.9135991767703021,1204771,182774,471,GAN_PPO
0.25804468989372253,0.9142892885820664,0.9137420075835286,1204783,182376,472,GAN_PPO
0.25760313868522644,0.9144328525635591,0.9138752206368146,1204801,182013,473,GAN_PPO
0.25716376304626465,0.9145843295204097,0.914015031684582,1204808,181618,474,GAN_PPO
0.2567265033721924,0.9147512556196256,0.9141698847411485,1204827,181194,475,GAN_PPO
0.25629130005836487,0.9148978340679212,0.9143039056322273,1204813,180791,476,GAN_PPO
0.25585824251174927,0.9150421516661147,0.9144375103173865,1204824,180419,477,GAN_PPO
0.2554272413253784,0.9151947590480163,0.9145775562551097,1204816,180006,478,GAN_PPO
0.2549983263015747,0.915323250695494,0.9146951004943578,1204803,179652,479,GAN_PPO
0.25457143783569336,0.9154558872348258,0.9148159158307488,1204781,179278,480,GAN_PPO
0.25414663553237915,0.9156175380171365,0.9149662963671767,1204802,178870,481,GAN_PPO
0.2537238299846649,0.9157889858165569,0.9151249835270652,1204811,178424,482,GAN_PPO
0.25330308079719543,0.9159487525571157,0.9152732033810042,1204824,178013,483,GAN_PPO
0.2528843283653259,0.9161013599390173,0.9154136395202356,1204818,177602,484,GAN_PPO
0.2524676024913788,0.9162223154194875,0.9155240653922422,1204799,177262,485,GAN_PPO
0.25205284357070923,0.9163553287671697,0.9156463608713298,1204791,176901,486,GAN_PPO
0.25164005160331726,0.9164751538225888,0.9157552926582324,1204764,176556,487,GAN_PPO
0.2512292265892029,0.9166062831285191,0.9158755306338414,1204750,176194,488,GAN_PPO
0.2508203387260437,0.9167434413680555,0.916001374683321,1204736,175816,489,GAN_PPO
0.25041335821151733,0.9168832372660444,0.9161289930087532,1204711,175420,490,GAN_PPO
0.25000834465026855,0.9170113521051717,0.9162459780264578,1204688,175057,491,GAN_PPO
0.24960525333881378,0.91715039438646,0.9163723414694631,1204653,174653,492,GAN_PPO
0.24920406937599182,0.917270219441879,0.916479314408663,1204592,174274,493,GAN_PPO
0.24880476295948029,0.9173994647060575,0.9165984053289119,1204584,173923,494,GAN_PPO
0.24840731918811798,0.9175283331618855,0.9167152151156087,1204545,173542,495,GAN_PPO
0.2480117529630661,0.9176534335342099,0.916828572940029,1204506,173171,496,GAN_PPO
0.24761803448200226,0.9177585630639643,0.9169206852869167,1204423,172809,497,GAN_PPO
0.24722619354724884,0.917881025777836,0.9170335633885229,1204414,172475,498,GAN_PPO
0.24683617055416107,0.9180098942336641,0.917150514727524,1204375,172094,499,GAN_PPO
0.24644796550273895,0.9181485597066019,0.9172794208649326,1204381,171732,500,GAN_PPO
0.6872038245201111,0.5052788965845715,0.22564825436519287,191295,254348,1,KMeans
0.6866451501846313,0.512504950319703,0.22820384636952493,191267,235143,2,KMeans
0.6860954165458679,0.5196258745250801,0.2305942080766334,191039,216017,3,KMeans
0.6855533719062805,0.5262746578674381,0.2329359120869466,190889,198222,4,KMeans
0.6850171685218811,0.5330210345725429,0.2353963158631846,190770,180199,5,KMeans
0.6844858527183533,0.5401336689942119,0.23808724109449986,190683,161236,6,KMeans
0.6839591860771179,0.5468627125151995,0.2406852583704656,190593,143288,7,KMeans
0.6834372282028198,0.5527266040637273,0.24296267572981725,190478,127611,8,KMeans
0.6829199194908142,0.5578820959135511,0.2449692955051039,190342,113793,9,KMeans
0.6824072003364563,0.5626117943274518,0.2468419191476799,190217,101116,10,KMeans
0.6818989515304565,0.5671934070596552,0.24866820864905598,190078,88818,11,KMeans
0.6813951730728149,0.5714615152443471,0.25035248333490434,189904,77317,12,KMeans
0.6808956861495972,0.5750264990472401,0.2515402890779502,189518,67470,13,KMeans
0.680400550365448,0.5779211407948169,0.25227160460862713,188959,59229,14,KMeans
0.6799095273017883,0.5803926267649232,0.2528921017762198,188471,52182,15,KMeans
0.6794224977493286,0.5829553003558201,0.25348576824497504,187909,44819,16,KMeans
0.6789393424987793,0.5851426728297441,0.25397802001223746,187410,38515,17,KMeans
0.6784600615501404,0.5869781063044182,0.25421369338083405,186813,33047,18,KMeans
0.6779841780662537,0.588642091979672,0.2542123010668066,186059,27877,19,KMeans
0.6775118708610535,0.5899172114373392,0.25375588496260915,185036,23470,20,KMeans
0.6770427227020264,0.5907175523735346,0.25283818884205195,183781,20091,21,KMeans
0.6765766143798828,0.5913008516999143,0.25171955609581775,182434,17196,22,KMeans
0.6761133670806885,0.591627544539689,0.25042345655359965,181036,14931,23,KMeans
0.6756528615951538,0.5917289059859397,0.24877696365280189,179407,13033,24,KMeans
0.6751949191093445,0.5917247610940857,0.24715069576316467,177851,11488,25,KMeans
0.6747393012046814,0.5916429936820544,0.24565655609446432,176461,10315,26,KMeans
0.674285888671875,0.5915744145622862,0.2442315469466873,175136,9172,27,KMeans
0.6738345623016357,0.5914380099394506,0.2427171582424797,173760,8158,28,KMeans
0.6733852624893188,0.5912405623638545,0.24124043326753836,172450,7372,29,KMeans
0.6729378700256348,0.5910574335055724,0.23981154992203949,171183,6591,30,KMeans
0.6724921464920044,0.5910284192625936,0.23891050638228345,170350,5835,31,KMeans
0.6720482110977173,0.5910755203063904,0.2383364050706827,169793,5153,32,KMeans
0.6716057658195496,0.5912262436465402,0.23831135913318346,169707,4667,33,KMeans
0.671164870262146,0.5915981534883599,0.23914271975177342,170330,4303,34,KMeans
0.6707255244255066,0.5922104670577184,0.2409702944464628,171787,4135,35,KMeans
0.6702876091003418,0.5934332101546836,0.24531739720096496,175366,4469,36,KMeans
0.6698510050773621,0.595448004404136,0.25205234382401953,180902,4658,37,KMeans
0.6694157719612122,0.5980984743406702,0.26072256354522466,188079,4801,38,KMeans
0.6689818501472473,0.6007625093778178,0.26919097583384144,195136,4788,39,KMeans
0.6685491800308228,0.6037038753608411,0.2784323788065694,202914,4760,40,KMeans
0.6681178212165833,0.605693046642468,0.28462360394344743,208171,4738,41,KMeans
0.6676875352859497,0.6078174921218794,0.29116249103567954,213760,4689,42,KMeans
0.667258620262146,0.6095971579606981,0.2966959416437341,218540,4746,43,KMeans
0.6668307781219482,0.6105990913643439,0.2998378694432343,221276,4823,44,KMeans
0.6664040684700012,0.6112554915106962,0.3020971376347621,223288,5093,45,KMeans
0.6659784913063049,0.6115674888248064,0.3032275900106998,224307,5284,46,KMeans
0.6655541062355042,0.6117280091820659,0.30391639617243627,224946,5497,47,KMeans
0.6651307940483093,0.6121232811416087,0.305309716596458,226200,5702,48,KMeans
0.6647084951400757,0.6125807264789633,0.30690359504661496,227635,5923,49,KMeans
0.6642873287200928,0.6134884577950155,0.3098650680714927,230277,6156,50,KMeans
0.6638671159744263,0.6146987662164184,0.3136359395378278,233626,6293,51,KMeans
0.6634480357170105,0.6154082963401736,0.31587569273337107,235630,6414,52,KMeans
0.6630298495292664,0.6155684398890827,0.3164936290861244,236206,6565,53,KMeans
0.662612795829773,0.615497223110862,0.31648103144768674,236236,6784,54,KMeans
0.662196695804596,0.6153284129698942,0.3161424644026559,235970,6966,55,KMeans
0.6617815494537354,0.6151418928364588,0.31569214813048013,235593,7084,56,KMeans
0.6613674163818359,0.6149757203539437,0.31525400103736806,235217,7149,57,KMeans
0.6609542369842529,0.6148023885127714,0.31476848909945493,234794,7186,58,KMeans
0.6605420112609863,0.6146294334799495,0.31429580963504355,234385,7236,59,KMeans
0.6601306796073914,0.6144334931377547,0.31375392083419124,233915,7286,60,KMeans
0.6597203016281128,0.6142352919454578,0.3132307374440113,233467,7364,61,KMeans
0.6593108773231506,0.6140672354211907,0.31278679593045844,233087,7430,62,KMeans
0.6589024066925049,0.613883352946208,0.31228955833508387,232659,7490,63,KMeans
0.6584948897361755,0.6136847749455606,0.3117589642584306,232204,7562,64,KMeans
0.6580881476402283,0.6135057909791327,0.31127226334961644,231785,7618,65,KMeans
0.6576823592185974,0.6133347199880627,0.3107952633583249,231372,7659,66,KMeans
0.6572774052619934,0.6131730692057521,0.3103417697538403,230979,7695,67,KMeans
0.6568734049797058,0.6130114184234414,0.30989455067621824,230593,7738,68,KMeans
0.6564701199531555,0.6128501444494812,0.309452902839023,230213,7786,69,KMeans
0.656067967414856,0.6126666387828488,0.30900251813988383,229837,7897,70,KMeans
0.6556664109230042,0.6124955677917787,0.30859693826098067,229502,8016,71,KMeans
0.6552658081054688,0.6123403227514245,0.30819529265251944,229162,8088,72,KMeans
0.6548660397529602,0.612189976219625,0.3077952622980699,228821,8146,73,KMeans
0.6544672250747681,0.6120671366974029,0.3074576966671936,228531,8182,74,KMeans
0.6540691256523132,0.6119461812169327,0.3071238458164125,228244,8216,75,KMeans
0.6536718010902405,0.6118282402032655,0.3067878010555407,227953,8238,76,KMeans
0.6532754302024841,0.611735168540723,0.3065147250634997,227715,8247,77,KMeans
0.6528798341751099,0.6116387056030271,0.3062331717824448,227470,8258,78,KMeans
0.6524850130081177,0.6115591990410981,0.3059972438381876,227264,8263,79,KMeans
0.6520909070968628,0.6114925039630819,0.3058000366272744,227092,8268,80,KMeans
0.6516978144645691,0.6114246784600145,0.3055974918151345,226915,8271,81,KMeans
0.6513054370880127,0.6113557225318959,0.3053886690798889,226732,8271,82,KMeans
0.6509137749671936,0.6112909114956314,0.30519703134545195,226565,8276,83,KMeans
0.6505229473114014,0.6112091440836002,0.30495584401587056,226355,8283,84,KMeans
0.6501328945159912,0.611134536030226,0.30473629108430356,226164,8290,85,KMeans
0.6497436165809631,0.6110497541513918,0.30448771291250903,225948,8299,86,KMeans
0.6493551731109619,0.6109627114224553,0.3042322087787232,225726,8308,87,KMeans
0.648967444896698,0.6108775527352707,0.3039832850306666,225510,8318,88,KMeans
0.6485804915428162,0.61078636511448,0.3037131809700486,225275,8325,89,KMeans
0.6481942534446716,0.6107166555696607,0.3035081888301835,225097,8332,90,KMeans
0.647808849811554,0.6106439315580384,0.3032892997966438,224906,8334,91,KMeans
0.6474242210388184,0.6105625409543576,0.3030487352570284,224697,8341,92,KMeans
0.6470402479171753,0.6104917009844871,0.302838274212737,224514,8346,93,KMeans
0.6466570496559143,0.610426136331522,0.30264285030143684,224344,8350,94,KMeans
0.6462746262550354,0.6103605716785568,0.3024492648427824,224176,8356,95,KMeans
0.6458929181098938,0.6103078185095044,0.3022945794170586,224042,8362,96,KMeans
0.645512044429779,0.6102806883082774,0.3022168188938979,223975,8367,97,KMeans
0.6451317667961121,0.6103108329763074,0.30231692113401226,224064,8376,98,KMeans
0.6447522640228271,0.6103338182856802,0.3023914872202393,224130,8381,99,KMeans
0.6443735361099243,0.6103854410296816,0.3025521271773619,224271,8385,100,KMeans
0.643995463848114,0.6103922235799883,0.3025746180567266,224291,8387,101,KMeans
0.643618106842041,0.6103726295457689,0.3025188430940583,224243,8391,102,KMeans
0.6432415246963501,0.610352658703199,0.30246286079315304,224195,8396,103,KMeans
0.6428655385971069,0.6104295276066753,0.3027001871617178,224403,8400,104,KMeans
0.6424903869628906,0.6104932082178887,0.30289644940486227,224575,8403,105,KMeans
0.6421158909797668,0.6104894401343849,0.30288876540279247,224569,8407,106,KMeans
0.6417421102523804,0.6105210920358164,0.30299053774114193,224659,8413,107,KMeans
0.641369104385376,0.6105651786128102,0.30312535610422486,224777,8414,108,KMeans
0.6409966349601746,0.6106085115731033,0.3032578648579404,224893,8415,109,KMeans
0.640625,0.6105832654136282,0.30318215377769087,224827,8416,110,KMeans
0.640254020690918,0.610562917762708,0.3031213104230906,224774,8417,111,KMeans
0.6398836970329285,0.6105648018044598,0.30312891080136367,224781,8419,112,KMeans
0.639514148235321,0.6105885407305334,0.303201929423917,224845,8420,113,KMeans
0.6391451954841614,0.6106198158236145,0.3032996994389257,224931,8423,114,KMeans
0.638776957988739,0.6106032362561981,0.3032521838094699,224890,8426,115,KMeans
0.6384093761444092,0.6105877871138327,0.3032062186604313,224850,8427,116,KMeans
0.6380425691604614,0.610562917762708,0.30313258763646367,224786,8429,117,KMeans
0.6376764178276062,0.6105320194779772,0.3030406423696687,224706,8431,118,KMeans
0.6373108625411987,0.6104913241761368,0.3029198729252745,224601,8434,119,KMeans
0.6369460225105286,0.6104679620584136,0.3028498557167395,224540,8435,120,KMeans
0.6365817785263062,0.6104276435649235,0.3027273830880667,224433,8435,121,KMeans
0.636218249797821,0.6104001365553462,0.30264569820277054,224362,8437,122,KMeans
0.6358554363250732,0.6103794120960756,0.30258461372435286,224309,8439,123,KMeans
0.6354932188987732,0.6103899627298861,0.30261572890629324,224336,8438,124,KMeans
0.6351315975189209,0.6104419622822378,0.30277558221404544,224476,8440,125,KMeans
0.6347708106040955,0.6104253827148213,0.30272897962707185,224436,8444,126,KMeans
0.634410560131073,0.6103941076217402,0.30263490686740346,224354,8445,127,KMeans
0.6340509653091431,0.6103730063541192,0.3025717363283977,224299,8446,128,KMeans
0.6336920261383057,0.6103560499783524,0.3025211557736747,224255,8447,129,KMeans
0.6333338022232056,0.6103537891282501,0.30251428602263103,224249,8447,130,KMeans
0.632976233959198,0.6103782816710245,0.30258776458876147,224313,8446,131,KMeans
0.6326190829277039,0.6104389478154347,0.30277300825333797,224475,8447,132,KMeans
0.6322628855705261,0.6104634403582091,0.30284740491172796,224540,8447,133,KMeans
0.6319071054458618,0.6106085115731033,0.30328792835164003,224925,8447,134,KMeans
0.6315521001815796,0.610993609707186,0.3044552721079269,225946,8446,135,KMeans
0.6311976313591003,0.6116880674969262,0.30655987338765406,227791,8448,136,KMeans
0.6308439373970032,0.6122898304324742,0.3083805086192642,229391,8451,137,KMeans
0.6304907202720642,0.6129782592886085,0.31045536846585625,231218,8451,138,KMeans
0.6301381587982178,0.6133471546636251,0.3115660151275862,232198,8452,139,KMeans
0.6297862529754639,0.6134801680113072,0.31196579190072943,232551,8452,140,KMeans
0.6294350028038025,0.6136331522015593,0.3124272020438749,232959,8454,141,KMeans
0.6290843486785889,0.6137774697997528,0.31286050247105923,233342,8454,142,KMeans
0.628734290599823,0.6139651203582392,0.31342449375673515,233841,8455,143,KMeans
0.6283848881721497,0.6143159289324379,0.3144779697047022,234774,8457,144,KMeans
0.6280360817909241,0.6148969674087154,0.31621872426235187,236318,8459,145,KMeans
0.627687931060791,0.6151422696448091,0.3169526958433815,236970,8460,146,KMeans
0.6273403763771057,0.6153623257214278,0.3176115890874329,237556,8462,147,KMeans
0.6269933581352234,0.6155714543558857,0.3182364627681435,238112,8463,148,KMeans
0.6266470551490784,0.6158254231840381,0.31899631761366937,238789,8466,149,KMeans
0.6263012886047363,0.6161570145323676,0.3199847263934996,239670,8467,150,KMeans
0.6259562373161316,0.6165323156493406,0.3211019027929823,240667,8468,151,KMeans
0.6256117224693298,0.6169988043871043,0.32249003666719767,241908,8471,152,KMeans
0.625267744064331,0.6176544509167559,0.32443516789336846,243650,8473,153,KMeans
0.6249244809150696,0.6181684175066667,0.3259563072342571,245015,8474,154,KMeans
0.6245818138122559,0.6185493707488953,0.3270840174477425,246029,8477,155,KMeans
0.6242396235466003,0.6190264101204694,0.3284906657881943,247295,8477,156,KMeans
0.6238980889320374,0.6196805494167195,0.33041657655458273,249032,8478,157,KMeans
0.6235572695732117,0.6204322820757167,0.3326242116791078,251028,8479,158,KMeans
0.6232168674468994,0.6209183648476997,0.3340480277281125,252318,8479,159,KMeans
0.6228771805763245,0.6214466501549247,0.3355953433588369,253723,8482,160,KMeans
0.6225380301475525,0.6222484983245217,0.3379344276369448,255851,8482,161,KMeans
0.622199535369873,0.6230186945926871,0.3401749976422078,257895,8482,162,KMeans
0.6218615174293518,0.6237018481319161,0.34215903656362767,259710,8484,163,KMeans
0.6215241551399231,0.6245191454438783,0.3445252286321146,261880,8485,164,KMeans
0.6211873292922974,0.6253986161336524,0.34706381894332816,264215,8486,165,KMeans
0.6208510994911194,0.6263225502087707,0.3497248911990757,266671,8490,166,KMeans
0.6205155849456787,0.6271944847315373,0.3522327668893814,268994,8499,167,KMeans
0.6201805472373962,0.6281327375239697,0.3549290177261226,271501,8516,168,KMeans
0.619845986366272,0.6290333094813647,0.35752597475907966,273928,8553,169,KMeans
0.619512140750885,0.6298939397536201,0.3600180094360584,276269,8610,170,KMeans
0.6191788911819458,0.630734975991656,0.36246263340565404,278577,8686,171,KMeans
0.6188461184501648,0.6314196367642864,0.36449761499170347,280517,8809,172,KMeans
0.6185138821601868,0.6322267602507886,0.3668567351042782,282764,8914,173,KMeans
0.618182361125946,0.6334430976057974,0.37033949318748177,286078,9000,174,KMeans
0.6178512573242188,0.634525291188073,0.37340058943843135,288996,9046,175,KMeans
0.6175208687782288,0.6358279176553175,0.3770485146274821,292482,9075,176,KMeans
0.617190957069397,0.6374097591101897,0.38145046259424314,296708,9103,177,KMeans
0.6168616414070129,0.638611400939534,0.3848017991319932,299948,9154,178,KMeans
0.6165328621864319,0.6402022857948151,0.38926114398724865,304294,9278,179,KMeans
0.6162046790122986,0.6420290526774306,0.39435389580169655,309289,9425,180,KMeans
0.6158770322799683,0.6439364565470262,0.39968667571317484,314571,9645,181,KMeans
0.6155499815940857,0.645682963251012,0.4047364772687707,319672,10111,182,KMeans
0.6152234077453613,0.6474675275983856,0.41006423510287265,325159,10862,183,KMeans
0.6148974895477295,0.6488108493674707,0.41399603885692726,329220,11358,184,KMeans
0.6145720481872559,0.6499932739709459,0.41732386202535776,332638,11638,185,KMeans
0.61424720287323,0.6513004221383949,0.42089236355125625,336289,11820,186,KMeans
0.6139229536056519,0.6526652219834513,0.4246337722843534,340148,12057,187,KMeans
0.6135991811752319,0.6539572978168855,0.42824198880580755,343919,12399,188,KMeans
0.613275945186615,0.6551404760370614,0.4314704793426215,347288,12628,189,KMeans
0.6129533052444458,0.6563737697678371,0.4347862735606694,350751,12818,190,KMeans
0.6126312017440796,0.6576997583528049,0.4383170161959491,354449,12997,191,KMeans
0.6123096346855164,0.659104499883001,0.4420392913398453,358367,13187,192,KMeans
0.6119886040687561,0.6603321414885212,0.44528094285144626,361797,13359,193,KMeans
0.6116681694984436,0.6617138977093444,0.44896205505794456,365731,13626,194,KMeans
0.6113482117652893,0.6631732764503447,0.4528019373353314,369845,13867,195,KMeans
0.6110289096832275,0.6646552636923676,0.45665869527656977,373990,14079,196,KMeans
0.6107100248336792,0.6660558603307096,0.46030431430628005,377937,14309,197,KMeans
0.6103916764259338,0.667222458983469,0.46339548720142326,381330,14606,198,KMeans
0.610073983669281,0.6685838675533721,0.4669617300418596,385253,14916,199,KMeans
0.6097567081451416,0.66984956680228,0.4702460200854933,388877,15181,200,KMeans
0.60944002866745,0.6710451796980182,0.473344887933848,392317,15448,201,KMeans
0.6091237664222717,0.6723625016909275,0.47673553000336405,396095,15730,202,KMeans
0.6088082194328308,0.6735927809549002,0.47989259720469335,399632,16002,203,KMeans
0.6084930896759033,0.6747428000402431,0.48283733392127914,402949,16267,204,KMeans
0.6081784963607788,0.6760009631221435,0.4860261562380637,406548,16527,205,KMeans
0.607864499092102,0.6772888940637236,0.48931289471032263,410294,16855,206,KMeans
0.6075509190559387,0.6786672590093935,0.49281034012084174,414299,17202,207,KMeans
0.6072379350662231,0.6798059738442251,0.49575330540774853,417720,17601,208,KMeans
0.6069255471229553,0.6808900514682525,0.49857543784859143,421032,18036,209,KMeans
0.6066135764122009,0.6820253750279309,0.5014813252588554,424439,18430,210,KMeans
0.6063021421432495,0.6831866983637851,0.5044648093107084,427966,18875,211,KMeans
0.6059912443161011,0.6844022821020932,0.5075827280183196,431675,19358,212,KMeans
0.6056808829307556,0.6856427351915261,0.5107636190906238,435486,19877,213,KMeans
0.6053710579872131,0.6869201154992955,0.5141198699209433,439582,20583,214,KMeans
0.6050617098808289,0.688325233837842,0.5178144415957505,444131,21403,215,KMeans
0.6047528386116028,0.6897495694022576,0.5216331880469302,448917,22409,216,KMeans
0.6044445633888245,0.69115054284895,0.525423395151438,453732,23506,217,KMeans
0.6041368246078491,0.6925699799048107,0.5292124853361985,458565,24572,218,KMeans
0.6038294434547424,0.6938277661783607,0.5326165422962124,462974,25643,219,KMeans
0.6035226583480835,0.6949125974190888,0.5356718479028839,467033,26823,220,KMeans
0.6032164692878723,0.6959322408152022,0.5386413246689985,471065,28149,221,KMeans
0.6029108166694641,0.6968735080744377,0.5415195786205317,475080,29666,222,KMeans
0.6026055216789246,0.6978905138120984,0.5444600313973883,479130,31017,223,KMeans
0.602300763130188,0.6989923014285935,0.5475107098978546,483294,32257,224,KMeans
0.6019965410232544,0.7001038860621982,0.5505686184933855,487493,33506,225,KMeans
0.6016928553581238,0.7012493834473367,0.5536483851917408,491717,34690,226,KMeans
0.6013895869255066,0.7024785322862583,0.5568733531816741,496131,35842,227,KMeans
0.6010869145393372,0.7038022600211239,0.5602676198947197,500770,36968,228,KMeans
0.6007846593856812,0.7052107696348238,0.5638041988610196,505601,38061,229,KMeans
0.6004829406738281,0.7065947867057493,0.5673138315163484,510467,39254,230,KMeans
0.6001817584037781,0.7080865709648818,0.5710172213300847,515600,40428,231,KMeans
0.5998810529708862,0.7096420358352278,0.5748502597557369,520950,41650,232,KMeans
0.5995808243751526,0.7111763994379526,0.5786452000184703,526316,42944,233,KMeans
0.5992811322212219,0.7126421839209094,0.5823178045518328,531602,44340,234,KMeans
0.5989818572998047,0.7140235633333823,0.5858124568863896,536712,45784,235,KMeans
0.5986831188201904,0.7152896393906406,0.5890858543779924,541602,47314,236,KMeans
0.5983849167823792,0.7165583531063515,0.5923563945003498,546532,48877,237,KMeans
0.5980871319770813,0.7177238213340599,0.5954516636659081,551315,50567,238,KMeans
0.5977898836135864,0.7189281008218567,0.5986263733307218,556255,52311,239,KMeans
0.5974931120872498,0.7200641779982357,0.6017019985320758,561153,54194,240,KMeans
0.5971967577934265,0.7211866900740014,0.604662196457671,565858,55920,241,KMeans
0.596900999546051,0.7222752893982333,0.6074973546297839,570382,57555,242,KMeans
0.5966057181358337,0.7233514540469028,0.6102383251569926,574749,59066,243,KMeans
0.5963109731674194,0.7244864007982308,0.6130247313131163,579145,60450,244,KMeans
0.5960165858268738,0.725647724134085,0.6158582364179023,583643,61866,245,KMeans
0.5957227349281311,0.7267340626082146,0.6185247060605805,587930,63270,246,KMeans
0.5954294204711914,0.7278678789344915,0.6212226663358978,592233,64564,247,KMeans
0.5951365232467651,0.7289071163648243,0.6237324514907244,596306,65879,248,KMeans
0.5948441028594971,0.7299365567780475,0.6261958568836451,600318,67159,249,KMeans
0.594552218914032,0.7309607218743653,0.6286465319556058,604344,68467,250,KMeans
0.5942607522010803,0.7318823950993814,0.6309004526928924,608124,69801,251,KMeans
0.5939697623252869,0.7328029378993463,0.6331467783306483,611918,71152,252,KMeans
0.5936792492866516,0.7336793941223173,0.6353251363441703,615665,72573,253,KMeans
0.5933892726898193,0.7345030971762359,0.6373937414635502,619272,73994,254,KMeans
0.5930997133255005,0.7354002778584776,0.6395789588223247,623050,75391,255,KMeans
0.5928106307983398,0.7362074013449798,0.6415937426566166,626609,76808,256,KMeans
0.5925220251083374,0.7369742063379918,0.6435278100356556,630071,78235,257,KMeans
0.5922338366508484,0.7378981404131101,0.6456807304157184,633786,79498,258,KMeans
0.5919462442398071,0.7388465670310027,0.6478599014204659,637545,80740,259,KMeans
0.5916590094566345,0.7398567902183567,0.6501476666240997,641489,82003,260,KMeans
0.5913723707199097,0.7408587236220024,0.6524189468459913,645441,83296,261,KMeans
0.5910860896110535,0.7418018749229898,0.65458495692545,649273,84625,262,KMeans
0.5908002853393555,0.7427201568728524,0.6566747806533461,652980,85895,263,KMeans
0.5905148983001709,0.7435547873689319,0.6586301507285632,656539,87239,264,KMeans
0.5902300477027893,0.7443016215193742,0.6604513571638013,659958,88676,265,KMeans
0.5899457335472107,0.7450111516431294,0.662197624575505,663278,90113,266,KMeans
0.5896618366241455,0.7456777256149418,0.6638460343137645,666443,91509,267,KMeans
0.589378297328949,0.7462768508920372,0.6653679249221252,669428,92904,268,KMeans
0.5890952944755554,0.7468462083094531,0.6668451857615153,672377,94342,269,KMeans
0.5888127684593201,0.7473390736317429,0.6681638650284585,675067,95724,270,KMeans
0.5885306000709534,0.7478873297815378,0.6695581656530616,677856,97058,271,KMeans
0.5882489681243896,0.7485101939847069,0.6710541166474204,680774,98323,272,KMeans
0.5879678130149841,0.7491277828709706,0.6725251072511729,683648,99558,273,KMeans
0.587687075138092,0.7498045306682433,0.6740776300624567,686633,100747,274,KMeans
0.5874068140983582,0.7504473657139821,0.6755902055947317,689606,102014,275,KMeans
0.5871270298957825,0.7510683458753993,0.6770523730563464,692500,103260,276,KMeans
0.5868476629257202,0.7517481081394749,0.6785816040184374,695462,104418,277,KMeans
0.5865687727928162,0.7524282472119008,0.6800988007289792,698404,105555,278,KMeans
0.5862902998924255,0.7531912841214091,0.6817345181591663,701513,106639,279,KMeans
0.5860122442245483,0.7540485231185111,0.6835004671925148,704798,107649,280,KMeans
0.5857347249984741,0.7549762252771332,0.6853710284963627,708247,108636,281,KMeans
0.5854575634002686,0.7557867400387887,0.6870267566022283,711353,109591,282,KMeans
0.585180938243866,0.7565181250468656,0.6885666873752604,714327,110624,283,KMeans
0.5849047303199768,0.757252147713395,0.6900776608698037,717216,111565,284,KMeans
0.5846289396286011,0.7579435910363322,0.6915254074508034,720037,112551,285,KMeans
0.5843536257743835,0.75858529565702,0.692909604127113,722809,113620,286,KMeans
0.5840787291526794,0.7592835215302639,0.6943751010648528,725706,114664,287,KMeans
0.5838042497634888,0.7599463274185727,0.6957730538450335,728497,115696,288,KMeans
0.5835302472114563,0.7605838871474063,0.6971283443183947,731235,116742,289,KMeans
0.583256721496582,0.7611490996729681,0.6983962944195042,733908,117915,290,KMeans
0.5829835534095764,0.7616442258453601,0.6995527239099634,736423,119116,291,KMeans
0.5827109217643738,0.7620881060821013,0.700618169351944,738791,120306,292,KMeans
0.5824386477470398,0.762437030614548,0.7015443490873698,740975,121564,293,KMeans
0.582166850566864,0.7627241585775334,0.7023874735033686,743068,122895,294,KMeans
0.5818954706192017,0.7629125627527207,0.7031087283435828,745046,124373,295,KMeans
0.581624448299408,0.7631190537287259,0.7038276441226147,746967,125746,296,KMeans
0.5813539624214172,0.7632535743098096,0.7044590745054358,748809,127231,297,KMeans
0.5810838937759399,0.7634736303864282,0.7051866964622028,750734,128572,298,KMeans
0.5808142423629761,0.7636288754267826,0.7058325345658425,752577,130003,299,KMeans
0.5805450677871704,0.7638398881029923,0.7065256276983302,754421,131287,300,KMeans
0.5802762508392334,0.7640968713979477,0.7073043930335327,756438,132622,301,KMeans
0.5800079107284546,0.7644133904122622,0.708144120458891,758496,133840,302,KMeans
0.5797399282455444,0.7647476194190445,0.7090030543238982,760577,135034,303,KMeans
0.5794724822044373,0.7651997894394938,0.710029730923278,762906,136163,304,KMeans
0.5792053937911987,0.7657295819801203,0.711153915306232,765357,137208,305,KMeans
0.5789387822151184,0.7663260695987631,0.7123766977538909,767972,138240,306,KMeans
0.5786725282669067,0.7669753103864584,0.713671309811257,770699,139244,307,KMeans
0.5784066915512085,0.767749651546478,0.7151433475585577,773700,140190,308,KMeans
0.5781412720680237,0.7685409490822644,0.7166510445304687,776801,141191,309,KMeans
0.5778763294219971,0.7693578695858763,0.7182012213088188,780001,142223,310,KMeans
0.5776118040084839,0.7702482677178112,0.719852090159208,783365,143224,311,KMeans
0.5773477554321289,0.7711718249845791,0.7215494702708849,786823,144231,312,KMeans
0.5770840048789978,0.7721556715874069,0.7233305986788553,790430,145227,313,KMeans
0.5768207907676697,0.7731331124482783,0.7250825448705743,793973,146176,314,KMeans
0.5765579342842102,0.7741373067020264,0.72688468748092,797652,147190,315,KMeans
0.5762954950332642,0.7751030665040362,0.7286115399218365,801194,148169,316,KMeans
0.5760334134101868,0.7760492322718265,0.7303170114600387,804748,149212,317,KMeans
0.5757718682289124,0.7769596012463313,0.7319622921408149,808213,150261,318,KMeans
0.5755106210708618,0.7777395945316065,0.7334081185668353,811354,151332,319,KMeans
0.5752498507499695,0.7784992401659615,0.7348317465358254,814500,152462,320,KMeans
0.5749894976615906,0.7792860160015435,0.7362877708724646,817705,153579,321,KMeans
0.5747295022010803,0.7799804737912835,0.7376090687304325,820707,154738,322,KMeans
0.5744699835777283,0.7806768156227757,0.7389010927885644,823598,155781,323,KMeans
0.5742108225822449,0.7813690125624136,0.7401932952068448,826525,156871,324,KMeans
0.5739521980285645,0.7820374705759779,0.741432241983847,829332,157904,325,KMeans
0.5736938118934631,0.7826622188208988,0.7426115035101717,832065,158979,326,KMeans
0.57343590259552,0.7832933728077761,0.7437878313353384,834778,160017,327,KMeans
0.5731784105300903,0.7839493961457781,0.7450004758698412,837572,161070,328,KMeans
0.5729212760925293,0.7845462605727713,0.7461125586335389,840169,162083,329,KMeans
0.5726646184921265,0.7850847197054565,0.747123781688945,842561,163046,330,KMeans
0.5724083185195923,0.7855410346177599,0.7480198734312837,844774,164048,331,KMeans
0.5721523761749268,0.785962683161829,0.7488516477953273,846846,165001,332,KMeans
0.5718969702720642,0.786363230438277,0.7496555889958035,848886,165978,333,KMeans
0.5716418623924255,0.7866774886024894,0.7503457314513312,850763,167021,334,KMeans
0.5713871717453003,0.7869887322998987,0.751020706580001,852591,168023,335,KMeans
0.5711329579353333,0.7873448161910026,0.7517473304520911,854483,168970,336,KMeans
0.5708790421485901,0.7876534222299594,0.7524078657974537,856271,169939,337,KMeans
0.5706254839897156,0.7880208103715745,0.7531450080278939,858182,170875,338,KMeans
0.570372462272644,0.7883444887445462,0.7538145840838906,859966,171800,339,KMeans
0.5701196789741516,0.7886286022407285,0.7544369295423206,861699,172779,340,KMeans
0.5698674917221069,0.7889300489210281,0.7550768412786417,863450,173730,341,KMeans
0.5696156024932861,0.7891960756163925,0.7556534880064292,865057,174631,342,KMeans
0.5693639516830444,0.7894210302015661,0.7561733390983306,866572,175549,343,KMeans
0.5691128969192505,0.7896346805362284,0.7566794367228462,868074,176484,344,KMeans
0.5688621997833252,0.7897872879181301,0.7570932014206649,869397,177402,345,KMeans
0.5686119198799133,0.7899357504081777,0.7575025348826385,870720,178331,346,KMeans
0.5683618783950806,0.7900476624882389,0.7578521835571764,871915,179229,347,KMeans
0.5681123733520508,0.790171632435512,0.7582169806528255,873135,180120,348,KMeans
0.5678632259368896,0.7902839213239237,0.7585629489591544,874317,181004,349,KMeans
0.5676144361495972,0.7904093985045983,0.7589173023578364,875487,181841,350,KMeans
0.5673660039901733,0.7904870210247755,0.7592236541259614,876630,182778,351,KMeans
0.5671180486679077,0.7906038316133916,0.7595711210178737,877809,183647,352,KMeans
0.5668705105781555,0.790724033477161,0.759931099022462,879037,184556,353,KMeans
0.5666232109069824,0.7908596844832959,0.7603044956159766,880268,185427,354,KMeans
0.566376268863678,0.7909960891061315,0.7606817951378627,881518,186315,355,KMeans
0.5661299228668213,0.791123450328558,0.7610507317439045,882769,187228,356,KMeans
0.5658838152885437,0.7912636230348974,0.7614350613919528,884044,188131,357,KMeans
0.5656381249427795,0.791422259350405,0.7618449788235132,885369,189035,358,KMeans
0.5653928518295288,0.791572229073854,0.7622453488392085,886688,189956,359,KMeans
0.565147876739502,0.7917455609150263,0.7626752410691895,888056,190864,360,KMeans
0.5649033784866333,0.7919260521148557,0.7631139689148778,889441,191770,361,KMeans
0.5646591186523438,0.7920854420470641,0.7635189170980325,890754,192660,362,KMeans
0.5644153356552124,0.7922388030456665,0.7639083655938933,892020,193519,363,KMeans
0.5641719102859497,0.7923785989436555,0.7642782765533462,893251,194379,364,KMeans
0.5639289021492004,0.792518018033294,0.7646630924986921,894561,195319,365,KMeans
0.563686192035675,0.7926702486068453,0.7650438290836544,895799,196153,366,KMeans
0.5634438991546631,0.792813812588338,0.7654167820359287,897039,197012,367,KMeans
0.5632019639015198,0.7929652895451885,0.765786338321458,898231,197802,368,KMeans
0.5629604458808899,0.7930869986423595,0.766125308996373,899402,198650,369,KMeans
0.5627192854881287,0.793223403265195,0.7664732376912444,900557,199443,370,KMeans
0.5624784231185913,0.7933379530037089,0.7667903752247249,901655,200237,371,KMeans
0.5622379779815674,0.7934257493493462,0.7670640702231162,902653,201002,372,KMeans
0.5619979500770569,0.7934950820858151,0.76730736324817,903580,201745,373,KMeans
0.561758279800415,0.7935851392815546,0.7675731544740422,904532,202458,374,KMeans
0.5615189671516418,0.7936571096764761,0.7678144778288133,905441,203176,375,KMeans
0.5612799525260925,0.7937158917791345,0.7680314979981128,906286,203865,376,KMeans
0.5610414147377014,0.7937516885724201,0.7682083700697971,907029,204513,377,KMeans
0.560803234577179,0.7937727898400411,0.7683709788685602,907765,205193,378,KMeans
0.5605653524398804,0.7937637464396321,0.7684940719654512,908433,205885,379,KMeans
0.5603277683258057,0.7937754274984937,0.768637828811786,909116,206537,380,KMeans
0.5600906014442444,0.7937739202650922,0.7687639981359057,909768,207193,381,KMeans
0.5598539113998413,0.7937411379386097,0.7688546866778878,910377,207889,382,KMeans
0.5596174597740173,0.7937302104964488,0.7689683885864484,911008,208549,383,KMeans
0.5593814253807068,0.7937136309290322,0.7690732042713213,911619,209204,384,KMeans
0.5591457486152649,0.7936902688113091,0.7691689569792243,912214,209861,385,KMeans
0.5589104294776917,0.7936548488263738,0.769246846497595,912771,210512,386,KMeans
0.5586754679679871,0.7936224433082417,0.7693270545702345,913327,211154,387,KMeans
0.5584409236907959,0.7935919218318613,0.769405889078415,913868,211776,388,KMeans
0.5582066178321838,0.7935919218318613,0.7695190185308762,914451,212359,389,KMeans
0.5579727292060852,0.7935632843972329,0.7695946491535004,914968,212952,390,KMeans
0.5577391982078552,0.793555371421875,0.7696953621449707,915523,213528,391,KMeans
0.5575060248374939,0.7935297484540496,0.76977323328388,916039,214112,392,KMeans
0.5572731494903564,0.7934913140023113,0.7698355935527575,916532,214707,393,KMeans
0.5570406913757324,0.7934675750762378,0.7699029672362244,916986,215224,394,KMeans
0.556808590888977,0.7934287638161491,0.7699587135617494,917447,215788,395,KMeans
0.5565768480300903,0.7933658368216366,0.7699877607550583,917877,216385,396,KMeans
0.5563454627990723,0.7933032866354744,0.7700163343887517,918303,216977,397,KMeans
0.5561143755912781,0.7932203887983921,0.7700259155949524,918721,217615,398,KMeans
0.5558837056159973,0.7931600994623321,0.7700565762212312,919148,218202,399,KMeans
0.5556532144546509,0.7930881290674107,0.7700722087416753,919549,218794,400,KMeans
0.5554232597351074,0.7930086225054817,0.7700756079103688,919920,219376,401,KMeans
0.5551935434341431,0.7929502172111735,0.7700949313464235,920280,219891,402,KMeans
0.5549643039703369,0.792868072990792,0.7700881794086881,920610,220439,403,KMeans
0.5547353029251099,0.7927889432372133,0.7700832391567295,920936,220975,404,KMeans
0.5545067191123962,0.7927196105007444,0.770094357877861,921302,221525,405,KMeans
0.5542783737182617,0.7926811760490062,0.7701355004718891,921687,222012,406,KMeans
0.5540504455566406,0.7926174954377929,0.7701494955839583,922043,222537,407,KMeans
0.5538228750228882,0.7925952637451208,0.7702101704934704,922458,223011,408,KMeans
0.5535956621170044,0.7925662495021419,0.7702596453038821,922845,223475,409,KMeans
0.5533687472343445,0.7925315831339075,0.770301389887811,923217,223939,410,KMeans
0.553142249584198,0.7925153803748414,0.7703588475341092,923589,224354,411,KMeans
0.5529159307479858,0.7925082210161843,0.7704327814997478,924007,224791,412,KMeans
0.5526900291442871,0.7925274382420534,0.7705383215443222,924473,225206,413,KMeans
0.552464485168457,0.7925334671756594,0.7706237567046815,924893,225610,414,KMeans
0.5522392392158508,0.7925553220599811,0.770725478690331,925328,225987,415,KMeans
0.5520144104957581,0.7925658726937916,0.7708154056170528,925752,226383,416,KMeans
0.5517898797988892,0.7925869739614125,0.7709209282736595,926211,226786,417,KMeans
0.5515656471252441,0.792630683730056,0.7710526698963492,926707,227166,418,KMeans
0.5513418316841125,0.7926566835062319,0.7711660069682122,927186,227576,419,KMeans
0.5511183738708496,0.7926887122160137,0.7712817280882519,927651,227956,420,KMeans
0.5508951544761658,0.7927286539011533,0.7714105597183477,928150,228349,421,KMeans
0.5506722927093506,0.792771610053096,0.7715405312554913,928642,228727,422,KMeans
0.5504498481750488,0.7928405659812146,0.7717027593796068,929188,229090,423,KMeans
0.5502275824546814,0.7929095219093332,0.7718635392863147,929727,229446,424,KMeans
0.5500057339668274,0.7929807386875539,0.7720227163141344,930248,229778,425,KMeans
0.5497841835021973,0.793066274183089,0.7722047247687205,930826,230129,426,KMeans
0.5495629906654358,0.793145780745018,0.7723782599934156,931387,230479,427,KMeans
0.5493422150611877,0.7932362147491078,0.7725605732532653,931946,230798,428,KMeans
0.5491215586662292,0.7933270255615481,0.772747781995183,932530,231141,429,KMeans
0.548901379108429,0.7934016336149222,0.7729150626084875,933082,231495,430,KMeans
0.5486815571784973,0.793478879326749,0.7730846461175399,933635,231843,431,KMeans
0.5484619140625,0.7935866465149561,0.7732879076454711,934230,232152,432,KMeans
0.5482427477836609,0.7936804717941993,0.7734729921324017,934792,232465,433,KMeans
0.5480238795280457,0.7937731666483915,0.7736552978528852,935345,232772,434,KMeans
0.5478051900863647,0.7938929917038106,0.7738702317311187,935950,233059,435,KMeans
0.5475870370864868,0.7939913386832583,0.7740615445905279,936527,233375,436,KMeans
0.5473690629005432,0.7941153086305315,0.7742765182984036,937115,233634,437,KMeans
0.5471514463424683,0.7942426698529581,0.7745005527503926,937737,233918,438,KMeans
0.546934187412262,0.7943681470336328,0.7747185426636152,938336,234184,439,KMeans
0.5467172861099243,0.7944687548631828,0.774907468887716,938893,234474,440,KMeans
0.5465006232261658,0.7946066667194198,0.7751494398814629,939566,234781,441,KMeans
0.5462843179702759,0.7947215932662841,0.7753589303960791,940170,235080,442,KMeans
0.5460682511329651,0.7948659108644774,0.7756067059259476,940847,235374,443,KMeans
0.5458526015281677,0.7949838518781447,0.7758158354484622,941437,235651,444,KMeans
0.5456371903419495,0.7950870973661474,0.7760060762880602,941993,235933,445,KMeans
0.5454221963882446,0.7952035311464131,0.7762114265361961,942571,236202,446,KMeans
0.5452074408531189,0.7953120519513209,0.7764058730529182,943127,236470,447,KMeans
0.5449930429458618,0.7954190655228273,0.7765994610548561,943686,236745,448,KMeans
0.5447789430618286,0.7955392673865967,0.7768107095584273,944281,237021,449,KMeans
0.5445651412010193,0.7956406288328475,0.7769994140685231,944841,237312,450,KMeans
0.5443516373634338,0.7957419902790982,0.7771889023982217,945406,237608,451,KMeans
0.5441385507583618,0.7958422213002978,0.7773727246579283,945946,237882,452,KMeans
0.5439257025718689,0.7959364233878914,0.7775494863442746,946476,238162,453,KMeans
0.5437131524085999,0.7960347703673392,0.7777338416781127,947029,238454,454,KMeans
0.5435009002685547,0.7961395230887433,0.7779200334955432,947563,238710,455,KMeans
0.543289065361023,0.7962209136924242,0.7780821198292457,948074,239005,456,KMeans
0.5430774688720703,0.7963196374802223,0.7782615134257495,948600,239269,457,KMeans
0.5428661704063416,0.7964145931845167,0.7784368716765366,949122,239539,458,KMeans
0.5426551699638367,0.796485433154387,0.7785826115724706,949594,239823,459,KMeans
0.5424444675445557,0.7965932003425942,0.7787756774755391,950155,240098,460,KMeans
0.5422340631484985,0.7966923009387427,0.7789601847133028,950710,240390,461,KMeans
0.5420240759849548,0.7967966768517963,0.7791479457922927,951259,240662,462,KMeans
0.5418143272399902,0.7968954006395945,0.7793362151301292,951838,240979,463,KMeans
0.5416049361228943,0.7969926171939911,0.7795167543203061,952382,241265,464,KMeans
0.5413957238197327,0.7971026452323005,0.7797152260579816,952966,241557,465,KMeans
0.5411869287490845,0.7972092819954565,0.7799094249868931,953543,241851,466,KMeans
0.5409784317016602,0.7973294838592259,0.7801178431426256,954136,242125,467,KMeans
0.5407701134681702,0.7974304684971263,0.7803078753868466,954718,242439,468,KMeans
0.5405622124671936,0.797583075879028,0.7805574097025857,955389,242705,469,KMeans
0.5403546094894409,0.7977006400843448,0.7807634949388365,955984,242988,470,KMeans
0.5401472449302673,0.797849856191093,0.7810094432738206,956653,243261,471,KMeans
0.5399402379989624,0.7979742029467166,0.7812234511811853,957262,243540,472,KMeans
0.5397335290908813,0.798120404586662,0.7814636366899549,957915,243805,473,KMeans
0.5395271182060242,0.7982590700595997,0.7816985138696798,958575,244097,474,KMeans
0.5393209457397461,0.7983943442573842,0.7819306959950014,959237,244400,475,KMeans
0.5391151309013367,0.7985529805728919,0.7821884879893094,959933,244675,476,KMeans
0.5389096140861511,0.7986995590211876,0.7824353475923416,960626,244979,477,KMeans
0.5387043952941895,0.7988457606611329,0.7826785033131293,961301,245266,478,KMeans
0.5384994745254517,0.798986686984173,0.782914358149008,961961,245552,479,KMeans
0.538294792175293,0.7991773520094624,0.7832150139579306,962751,245836,480,KMeans
0.5380904078483582,0.7993333506665175,0.7834728956382968,963466,246137,481,KMeans
0.537886381149292,0.7994916101736748,0.7837294869924254,964164,246415,482,KMeans
0.5376826524734497,0.7996626811647447,0.7839998634939297,964880,246677,483,KMeans
0.5374791622161865,0.7998201870552013,0.7842545292249787,965573,246952,484,KMeans
0.537276029586792,0.7999701567786504,0.7844996510850464,966249,247230,485,KMeans
0.5370730757713318,0.800119749693749,0.7847414694956811,966909,247493,486,KMeans
0.536870539188385,0.800256531124935,0.7849653023283361,967529,247750,487,KMeans
0.5366682410240173,0.8003940661728216,0.7851950133166375,968180,248036,488,KMeans
0.5364662408828735,0.8005451663213218,0.785436359162754,968833,248288,489,KMeans
0.5362644791603088,0.8007011649783768,0.7856830561679743,969494,248535,490,KMeans
0.536063015460968,0.8008620621439868,0.7859342304486143,970158,248772,491,KMeans
0.5358619093894958,0.8010056261254794,0.786166768905598,970800,249033,492,KMeans
0.5356610417366028,0.8011348713896579,0.7863792603770163,971397,249287,493,KMeans
0.5354604721069336,0.8012972757886693,0.7866368820146639,972094,249553,494,KMeans
0.5352602005004883,0.801419738502541,0.7868374644059022,972657,249791,495,KMeans
0.5350601673126221,0.8015689546092893,0.7870735993258942,973296,250034,496,KMeans
0.5348604321479797,0.801706489657176,0.7872960902932129,973914,250287,497,KMeans
0.534661054611206,0.8018330972629019,0.7875049041929789,974507,250544,498,KMeans
0.5344619154930115,0.8019612121020292,0.7877114175259086,975080,250777,499,KMeans
0.534263014793396,0.8020855588576528,0.7879151287415442,975656,251023,500,KMeans
0.6778138875961304,0.5767910925520439,0.48016906500958767,518724,391993,1,KG
0.6771500706672668,0.5788797412381697,0.4731020371601394,501746,369472,2,KG
0.6764955520629883,0.5823622040123306,0.46652406705390614,484628,343112,3,KG
0.6758500337600708,0.5849305297284833,0.45967343190808063,468558,320226,4,KG
0.6752139925956726,0.5874133199491007,0.45240156415115196,452300,297379,5,KG
0.6745873689651489,0.5908893769813054,0.4457872776591824,436658,272512,6,KG
0.6739703416824341,0.5961006364669846,0.44109672467588806,422980,245004,7,KG
0.6733629107475281,0.6014249384577762,0.43774610693904625,411765,219659,8,KG
0.6727651357650757,0.6049405603667701,0.4328099827208822,400019,198583,9,KG
0.6721768975257874,0.6075269728837407,0.42588819952464735,386330,178030,10,KG
0.6715983152389526,0.6108402487085836,0.41990863712267035,373797,156704,11,KG
0.6710291504859924,0.614456855255478,0.414847993192163,362696,136005,12,KG
0.6704694032669067,0.6149135469761319,0.4052493285573367,348173,120270,13,KG
0.669918954372406,0.614518275016589,0.3940586810968589,332647,105793,14,KG
0.6693773865699768,0.6136150654007413,0.3817210622376016,316542,92085,15,KG
0.6688446402549744,0.6110621888269542,0.365823957611415,297709,80027,16,KG
0.6683204174041748,0.6092297698190831,0.35322556805035227,283185,70366,17,KG
0.6678043603897095,0.6080880405174482,0.3425555733248041,270963,61174,18,KG
0.6672960519790649,0.6065212713965912,0.33175974756075005,259216,53585,19,KG
0.6667951345443726,0.606413504208384,0.32512804144879537,251607,46262,20,KG
0.6663011908531189,0.6066403428353095,0.3206359928700701,246348,40401,21,KG
0.6658137440681458,0.6067537621487722,0.3166252172330113,241769,35521,22,KG
0.665332555770874,0.606718342163837,0.3122094716684218,236888,30734,23,KG
0.6648569107055664,0.6067247479057933,0.3084367717538734,232745,26574,24,KG
0.6643863916397095,0.6063019689366732,0.30396686187763594,228144,23095,25,KG
0.6639208793640137,0.6054081795295849,0.29855872957608554,222862,20185,26,KG
0.663459837436676,0.604493665663226,0.29320192479923074,217708,17458,27,KG
0.6630029082298279,0.6032373866230775,0.2874474529749804,212384,15468,28,KG
0.6625497341156006,0.6018073989334063,0.2814741885102613,206985,13864,29,KG
0.6621001958847046,0.6001878766434967,0.2749292217363584,201162,12339,30,KG
0.6616538166999817,0.5986188466725373,0.2687818556870875,195776,11117,31,KG
0.6612107157707214,0.5969887737488173,0.26258981149325117,190430,10097,32,KG
0.6607703566551208,0.5959069569748922,0.2582081231125087,186646,9184,33,KG
0.6603327393531799,0.5952117455684512,0.25515082388914506,183995,8378,34,KG
0.6598978042602539,0.5947007934453434,0.2526623111786151,181823,7562,35,KG
0.6594651341438293,0.5942177251401632,0.250194084648061,179668,6689,36,KG
0.6590347290039062,0.5938439312565917,0.24779810924560336,177544,5557,37,KG
0.6586066484451294,0.5933902540027409,0.24548147806308204,175540,4757,38,KG
0.6581804752349854,0.5930044022519574,0.243333802697513,173675,3916,39,KG
0.6577563881874084,0.5926535936777588,0.24151421559203687,172111,3283,40,KG
0.6573342680931091,0.5923755091151824,0.24000888005878823,170816,2726,41,KG
0.6569137573242188,0.592106467953015,0.23867824208222446,169684,2308,42,KG
0.656495213508606,0.5919090203774188,0.23765023222026221,168807,1955,43,KG
0.6560782194137573,0.5918427021077529,0.237181617924608,168398,1722,44,KG
0.6556627750396729,0.5920495698921084,0.23764715989068674,168746,1521,45,KG
0.6552489995956421,0.5918815133678414,0.2369086109195131,168128,1349,46,KG
0.6548366546630859,0.591866064225476,0.23665545635731663,167899,1161,47,KG
0.654425859451294,0.5918871654930971,0.23656256564172762,167804,1010,48,KG
0.6540164351463318,0.5917880648969486,0.2360675574761073,167385,854,49,KG
0.6536083221435547,0.5917119496101729,0.2356976741725442,167073,744,50,KG
0.6532015800476074,0.5916177475225793,0.2352645650300978,166710,631,51,KG
0.6527960300445557,0.5915623566950743,0.23499944245028279,166487,555,52,KG
0.652391791343689,0.5914538358901664,0.23456173048684062,166126,482,53,KG
0.6519888639450073,0.5913958074042087,0.23428002485594848,165889,399,54,KG
0.6515870094299316,0.5911851715363494,0.2335015482697741,165255,324,55,KG
0.6511862874031067,0.5909669995014826,0.23271574745044374,164618,266,56,KG
0.6507867574691772,0.5907627693755796,0.23200910788029644,164049,239,57,KG
0.6503883600234985,0.5905611769081293,0.23130845584256,163485,210,58,KG
0.6499910354614258,0.5904292939854981,0.23084102824656463,163108,183,59,KG
0.6495946645736694,0.590287237237407,0.23033951237743605,162704,156,60,KG
0.649199366569519,0.5901399051724106,0.22982886816780818,162294,137,61,KG
0.6488050818443298,0.5900091526748306,0.22937309390488683,161928,118,62,KG
0.6484118700027466,0.5898644582682868,0.22886955240334,161524,98,63,KG
0.6480196118354797,0.5897235319452467,0.22838482536928847,161136,84,64,KG
0.6476281881332397,0.5895739390301481,0.2278818759937534,160735,80,65,KG
0.6472378969192505,0.5894695631170943,0.22753383767840557,160458,80,66,KG
0.6468484401702881,0.5893949550637202,0.22727620841358223,160252,72,67,KG
0.6464599370956421,0.5893855348549608,0.2272436849767652,160226,71,68,KG
0.6460723280906677,0.5895407798953151,0.22775927864980075,160636,69,69,KG
0.645685613155365,0.5900728332860439,0.2295315331776664,162048,69,70,KG
0.6452997326850891,0.5913984450626614,0.2339306466596727,165565,68,71,KG
0.6449148654937744,0.5922515391679092,0.23674760873291234,167826,65,72,KG
0.6445306539535522,0.5928521716784061,0.23872889099938774,169421,66,73,KG
0.6441474556922913,0.593192052810444,0.23984960553136211,170325,68,74,KG
0.6437650918960571,0.5935319339424817,0.24096675478673513,171227,68,75,KG
0.6433835029602051,0.5939159016515133,0.2422271067216243,172246,68,76,KG
0.6430028080940247,0.594279898517975,0.24342130226243963,173213,69,77,KG
0.6426228284835815,0.594623924541867,0.24454854364500597,174127,70,78,KG
0.6422437429428101,0.5948801542201216,0.24538743962980197,174808,71,79,KG
0.6418654322624207,0.5951043551885945,0.24611883166449644,175402,70,80,KG
0.6414878964424133,0.5952773102214164,0.24668556122953528,175863,72,81,KG
0.6411111950874329,0.5954155988860038,0.24714202375009114,176235,77,82,KG
0.6407352089881897,0.5955471050002845,0.24757613335174614,176589,82,83,KG
0.6403600573539734,0.5956541185717908,0.24793021207047478,176878,87,84,KG
0.6399856209754944,0.5957886391528745,0.24837690318873887,177243,95,85,KG
0.6396119594573975,0.5959484058934333,0.2489044918635406,177674,102,86,KG
0.6392390727996826,0.5961703460118039,0.24963189140253753,178268,107,87,KG
0.6388669610023499,0.5963783442212106,0.25031337288608907,178825,112,88,KG
0.6384955644607544,0.5966081973149391,0.2510705248702463,179445,122,89,KG
0.638124942779541,0.5967713553306512,0.2516189852773745,179896,140,90,KG
0.6377550959587097,0.5970426573429208,0.2525271164381742,180643,167,91,KG
0.6373858451843262,0.597397987617324,0.2537031850150139,181610,191,92,KG
0.6370174288749695,0.5978810559225041,0.2552935815476386,182919,218,93,KG
0.6366497278213501,0.5982220674795931,0.2564351823441135,183863,257,94,KG
0.6362826824188232,0.5984458916397154,0.2572130363687309,184511,311,95,KG
0.6359164118766785,0.5986640636745822,0.25796365384414416,185136,357,96,KG
0.6355507969856262,0.5989146412275813,0.25881474755521144,185844,400,97,KG
0.635185956954956,0.5991444943213098,0.25960863900581277,186507,453,98,KG
0.6348218321800232,0.599415419525229,0.2605089422784638,187255,482,99,KG
0.6344584226608276,0.5997880829837494,0.2617335370422631,188272,510,100,KG
0.6340956687927246,0.6002368617290454,0.2632000394471564,189491,538,101,KG
0.6337335705757141,0.6005861630698426,0.26434911755928625,190449,569,102,KG
0.6333722472190857,0.6009787973709327,0.2656329100756593,191520,598,103,KG
0.6330115795135498,0.601530444795881,0.2674396694810287,193031,645,104,KG
0.6326516270637512,0.6024099154856551,0.2702647001462027,195393,673,105,KG
0.6322923302650452,0.6030565186148977,0.2723623171988495,197156,720,106,KG
0.6319336295127869,0.6036827740932201,0.2743763953318303,198851,753,107,KG
0.6315757036209106,0.6043429423230763,0.2764925645665179,200636,786,108,KG
0.6312184929847717,0.6051771960108053,0.2791426279515506,202875,811,109,KG
0.6308619379997253,0.6060830432851056,0.28200669227092157,205302,834,110,KG
0.6305059790611267,0.6073185978659836,0.28589538457321606,208610,863,111,KG
0.6301507949829102,0.6084411099417492,0.2894368672329403,211640,914,112,KG
0.6297961473464966,0.6095523177670036,0.2929294790304058,214641,966,113,KG
0.6294422745704651,0.6105802509468252,0.29615019726774133,217420,1017,114,KG
0.6290890574455261,0.6116854298384735,0.2996221285850211,220432,1096,115,KG
0.6287364959716797,0.612842985090824,0.3032337866484744,223577,1169,116,KG
0.6283844709396362,0.6139945114095684,0.306808569955353,226703,1239,117,KG
0.6280332803726196,0.6150051114052728,0.30996070718954427,229476,1330,118,KG
0.627682626247406,0.6160613052113725,0.31326509498753474,232399,1450,119,KG
0.6273326873779297,0.6169746886526803,0.31611934856014895,234935,1562,120,KG
0.6269834041595459,0.6179830277982824,0.3192424141702876,237717,1668,121,KG
0.6266347169876099,0.618985714818629,0.3223428837967381,240491,1781,122,KG
0.6262866854667664,0.6202152404659009,0.3260945875559722,243855,1882,123,KG
0.6259393095970154,0.6214794324814074,0.3299242904312444,247303,1975,124,KG
0.6255925893783569,0.6230804911621486,0.3347310944769037,251650,2073,125,KG
0.6252464652061462,0.6243955523049555,0.33868394253319667,255250,2183,126,KG
0.6249009966850281,0.625611512851614,0.342334947966793,258594,2300,127,KG
0.6245561838150024,0.6269442839868886,0.3462983199242002,262237,2406,128,KG
0.6242120265960693,0.6284149669784003,0.35063886613443185,266245,2511,129,KG
0.6238684058189392,0.629868693594145,0.35490989044474885,270211,2619,130,KG
0.6235255599021912,0.630949379943019,0.35811618518324334,273214,2754,131,KG
0.6231832504272461,0.6320172548079803,0.36127622057461584,276187,2893,132,KG
0.6228415369987488,0.6329449569666024,0.3640245271883047,278786,3030,133,KG
0.6225005388259888,0.6337942829883465,0.36653417616239886,281168,3158,134,KG
0.6221600770950317,0.6347551442818014,0.36937598076337547,283878,3318,135,KG
0.6218202710151672,0.6356960347326865,0.3721503516825629,286534,3477,136,KG
0.62148118019104,0.6365928386065778,0.37482295179945796,289112,3675,137,KG
0.621142566204071,0.6375299609739592,0.3776659269850101,291881,3957,138,KG
0.6208046078681946,0.6385006192845238,0.38065953872830727,294825,4325,139,KG
0.6204673051834106,0.63954324799001,0.38377969240679605,297885,4618,140,KG
0.6201305985450745,0.6405557320274663,0.386819207964579,300885,4931,141,KG
0.619794487953186,0.6416021288164563,0.39002404270096563,304084,5353,142,KG
0.6194589734077454,0.6428764946574228,0.39383731393972266,307890,5777,143,KG
0.6191241145133972,0.6440988609460376,0.3974705007645528,311534,6177,144,KG
0.618789792060852,0.6453393140354705,0.40113687047578933,315230,6581,145,KG
0.6184561848640442,0.6466867806964096,0.4050882203093564,319232,7007,146,KG
0.6181230545043945,0.6480839860595983,0.4092915526337261,323555,7622,147,KG
0.6177906394004822,0.6494589597301148,0.41342892091955763,327845,8263,148,KG
0.6174587607383728,0.6510215839591178,0.4180402294553107,332639,8910,149,KG
0.6171275973320007,0.6525894835050261,0.4226115251995536,337416,9526,150,KG
0.6167969107627869,0.6539230082570013,0.42672733684746006,341831,10402,151,KG
0.6164668202400208,0.6549731731294951,0.43015961525057506,345604,11388,152,KG
0.6161372661590576,0.6559558893072718,0.4333617568461568,349147,12323,153,KG
0.6158084869384766,0.6570331843809925,0.43683079537010167,353001,13318,154,KG
0.6154801845550537,0.6581594645402618,0.4405511607083392,357198,14526,155,KG
0.6151525378227234,0.659406323371651,0.44456365644085827,361731,15750,156,KG
0.6148253679275513,0.6605895015918268,0.4483278365227084,366007,16886,157,KG
0.6144987940788269,0.6619885909967673,0.4526364476206864,370898,18064,158,KG
0.6141729354858398,0.6633477387165682,0.45690297112518824,375818,19377,159,KG
0.6138476133346558,0.6648233202166347,0.4614186701413003,381037,20680,160,KG
0.6135228276252747,0.666333944893286,0.46589018704272245,386202,21836,161,KG
0.6131986379623413,0.667453819310599,0.4693357000349954,390270,22932,162,KG
0.6128750443458557,0.6685412882097798,0.4726318288533066,394174,23950,163,KG
0.6125521063804626,0.6699569571821368,0.47663474896553787,398842,24861,164,KG
0.6122295260429382,0.6715990879730688,0.4811046485666468,404030,25691,165,KG
0.6119077205657959,0.6734247244306332,0.4859349328271894,409631,26447,166,KG
0.6115864515304565,0.675178390493276,0.49049894853060255,414942,27104,167,KG
0.6112657189369202,0.6771189534977047,0.49542107717746153,420666,27678,168,KG
0.6109455823898315,0.6786171434987937,0.4992808357100001,425229,28265,169,KG
0.6106260418891907,0.6800399718298077,0.5029071605366129,429532,28792,170,KG
0.610306978225708,0.6811504260383614,0.5058297587796781,433075,29388,171,KG
0.6099885702133179,0.6821644173092191,0.5086234718285162,436550,30172,172,KG
0.6096706390380859,0.6833935661481407,0.5119748062668366,440733,31093,173,KG
0.6093533635139465,0.6844471222957877,0.5149241022658686,444483,32047,174,KG
0.6090366840362549,0.6854177806063525,0.5176622977452853,448001,32989,175,KG
0.6087205410003662,0.6865022350387302,0.5206018881318742,451745,33855,176,KG
0.608404815196991,0.6875625737366841,0.5234759780556012,455433,34729,177,KG
0.608089804649353,0.6887623315242765,0.5266643285953004,459522,35634,178,KG
0.6077753305435181,0.6898938870004511,0.5297259490412302,463511,36620,179,KG
0.6074613332748413,0.6910951520214449,0.5328817476457278,467604,37525,180,KG
0.6071479916572571,0.6927892823647286,0.5370547762801735,472906,38331,181,KG
0.6068351864814758,0.6943654716943451,0.5409462535499506,477906,39148,182,KG
0.6065228581428528,0.6954665056941394,0.543813423374911,481717,40037,183,KG
0.6062111854553223,0.6965863801114524,0.5467593989363858,485682,41030,184,KG
0.6059000492095947,0.6976440811509536,0.5495384584292597,489450,41991,185,KG
0.6055894494056702,0.698633579879037,0.5521179542691447,492961,42876,186,KG
0.6052793860435486,0.6996664115674135,0.5548253698031514,496683,43857,187,KG
0.60496985912323,0.700629910519321,0.5574008121208678,500282,44899,188,KG
0.6046608686447144,0.7016382496649232,0.5600616059210135,504007,45948,189,KG
0.6043524742126465,0.702668443694847,0.5626895722711984,507656,46863,190,KG
0.6040446162223816,0.7039085199759295,0.5657180628231742,511804,47720,191,KG
0.6037372946739197,0.7051956973008088,0.5688645588914397,516153,48653,192,KG
0.6034305095672607,0.7062831661999895,0.571615426298394,520054,49668,193,KG
0.60312420129776,0.7072621142942624,0.5741193909413044,523652,50668,194,KG
0.602818489074707,0.7081212373331163,0.5763669217408044,526940,51676,195,KG
0.602513313293457,0.7090240701406135,0.5786906550652905,530337,52677,196,KG
0.6022086143493652,0.71004672800353,0.5812383404913918,534029,53655,197,KG
0.6019045114517212,0.7113128040607882,0.5842519565399062,538328,54594,198,KG
0.6016010046005249,0.7125600397005278,0.5873004881015113,542779,55735,199,KG
0.601297914981842,0.7138359127748958,0.5903976924603688,547327,56897,200,KG
0.6009954214096069,0.7154350874138852,0.594073413135673,552616,57942,201,KG
0.60069340467453,0.7172995351315381,0.5982321679879531,558561,58939,202,KG
0.6003919243812561,0.7193418363905679,0.6027344508377016,565031,59989,203,KG
0.6000910401344299,0.7213698189322834,0.6071442612464524,571395,60971,204,KG
0.5997906923294067,0.7230432248162965,0.6108469425303179,576864,61999,205,KG
0.599490761756897,0.7246205445709641,0.6142889488092542,581958,62907,206,KG
0.599191427230835,0.7261869368834709,0.6176623792080531,586959,63751,207,KG
0.5988925695419312,0.727780836205555,0.6211013139151651,592117,64679,208,KG
0.5985943078994751,0.7295314878013949,0.6248127429898188,597679,65595,209,KG
0.5982964634895325,0.7311992415601524,0.6283554765524305,603056,66546,210,KG
0.5979992151260376,0.7326533449842475,0.6315003300642003,607940,67571,211,KG
0.5977025032043457,0.7339913914364273,0.6344293603218069,612572,68652,212,KG
0.5974062085151672,0.7354421035853691,0.6375757650841043,617568,69798,213,KG
0.5971105694770813,0.7370115103646789,0.6409159219801416,622861,70926,214,KG
0.596815288066864,0.738846943839353,0.6447036146554773,628802,71996,215,KG
0.5965206623077393,0.7407976806692418,0.6486531488669023,634987,73004,216,KG
0.5962265133857727,0.7426741862541067,0.6524860734191734,641109,74146,217,KG
0.5959328413009644,0.7446237926589444,0.6564065438067905,647378,75241,218,KG
0.5956396460533142,0.7465952539481037,0.66034430075431,653726,76357,219,KG
0.5953470468521118,0.7484453829484424,0.6640177675870375,659698,77419,220,KG
0.5950548052787781,0.7501327307414194,0.66741798109075,665362,78605,221,KG
0.5947632789611816,0.7516670943441444,0.6705126019456986,670582,79753,222,KG
0.5944720506668091,0.7530989660755674,0.6734184987906013,675563,80934,223,KG
0.594181478023529,0.754340172781701,0.6759875573464883,680081,82158,224,KG
0.5938913822174072,0.7554713514495252,0.678379116426852,684396,83471,225,KG
0.5936017632484436,0.7565893418250863,0.6807455957837345,688711,84819,226,KG
0.5933126211166382,0.7576146373464553,0.6829382500999353,692777,86164,227,KG
0.5930240750312805,0.7586135562832981,0.6850619150906849,696734,87470,228,KG
0.5927359461784363,0.7595137514323428,0.6870188278414505,700471,88818,229,KG
0.592448353767395,0.7603005272679246,0.6888517913995019,704166,90425,230,KG
0.5921611785888672,0.7611396794642087,0.6907218104393782,707860,91892,231,KG
0.5918745398521423,0.7618842527645486,0.6924041452290438,711241,93297,232,KG
0.5915883779525757,0.7625628846035731,0.6939893656026928,714520,94775,233,KG
0.5913028120994568,0.7632897479114455,0.6956564288302743,717955,96281,234,KG
0.5910176038742065,0.7639322061488341,0.6972072676867488,721278,97899,235,KG
0.590732991695404,0.7646149828797126,0.6988117480008968,724687,99496,236,KG
0.5904488563537598,0.7653173536448107,0.7004346657085455,728126,101071,237,KG
0.5901651382446289,0.7659903333585795,0.7019820324770584,731420,102579,238,KG
0.589881956577301,0.7665645892845502,0.7033556584208931,734438,104073,239,KG
0.5895992517471313,0.7671949896547268,0.7047932854441188,737526,105488,240,KG
0.5893170237541199,0.767799013440377,0.7061476521844453,740423,106782,241,KG
0.5890352725982666,0.768384573616859,0.7074731578614236,743295,108100,242,KG
0.5887539982795715,0.7689746554935455,0.7088051727356102,746195,109434,243,KG
0.5884732604026794,0.7696242730895911,0.7102157976036603,749207,110722,244,KG
0.588192880153656,0.7703115715206742,0.7116821689476659,752321,112012,245,KG
0.5879131555557251,0.7709366965739455,0.7130384211599611,755256,113288,246,KG
0.5876338481903076,0.771512836541668,0.7142806657949606,757950,114453,247,KG
0.5873550176620483,0.771985731021388,0.7153512386586435,760364,115612,248,KG
0.5870765447616577,0.7724684225182178,0.7164203076532925,762753,116720,249,KG
0.5867986679077148,0.7728753755366222,0.717376656856075,764985,117872,250,KG
0.5865212082862854,0.7731429094653881,0.7181182318181158,766886,119063,251,KG
0.5862442255020142,0.7734436025289869,0.7188888166793449,768793,120172,252,KG
0.5859677791595459,0.7736651658390071,0.7195379725646697,770514,121305,253,KG
0.5856917500495911,0.7739112216918017,0.7202260163086863,772307,122445,254,KG
0.5854161977767944,0.7742153060305539,0.7209948031351608,774219,123550,255,KG
0.5851411819458008,0.7744274491318147,0.7216099227851657,775862,124630,256,KG
0.5848665237426758,0.7746731281762589,0.7222680473658593,777562,125678,257,KG
0.5845924019813538,0.7748671844767018,0.7228351051812926,779093,126694,258,KG
0.5843186974525452,0.7749998210160336,0.7233236323164796,780536,127785,259,KG
0.5840455293655396,0.7751791817908118,0.7238714687624812,782053,128826,260,KG
0.5837727785110474,0.7753770061747585,0.7244446087993566,783610,129858,261,KG
0.5835005044937134,0.77555975822469,0.7249918162632204,785123,130886,262,KG
0.5832286477088928,0.7757040758228835,0.7254805745588103,786545,131925,263,KG
0.5829573273658752,0.7758830597893114,0.7260174207697697,788040,132945,264,KG
0.5826864242553711,0.7760620437557393,0.7265600700828369,789563,133993,265,KG
0.5824159383773804,0.776286244724212,0.727168871608205,791195,135030,266,KG
0.5821459889411926,0.7764934893169181,0.7277341589418869,792719,136004,267,KG
0.5818763971328735,0.7766404445735641,0.7282178156537463,794135,137030,268,KG
0.5816073417663574,0.7768009649308236,0.7287146415713401,795560,138029,269,KG
0.5813387632369995,0.7769369927453088,0.7291720803580906,796918,139026,270,KG
0.5810705423355103,0.7770530497172242,0.7296120981576925,798281,140081,271,KG
0.580802857875824,0.7771958600820161,0.7300881138308541,799698,141119,272,KG
0.5805356502532959,0.777368815114838,0.7305997867903004,801156,142118,273,KG
0.5802687406539917,0.7774867561285053,0.7310411230558107,802530,143179,274,KG
0.5800024271011353,0.7777248990059419,0.7316528608685803,804171,144188,275,KG
0.5797365307807922,0.7780289833446941,0.7323687835514671,806007,145217,276,KG
0.5794710516929626,0.7783507776759139,0.7330887898090328,807803,146159,277,KG
0.5792059898376465,0.7786623981816736,0.73379055053235,809568,147097,278,KG
0.5789414644241333,0.7789921054882513,0.7345099175274531,811347,148001,279,KG
0.5786772966384888,0.7793527110795597,0.7352772976963475,813220,148917,280,KG
0.5784136056900024,0.7796161001164714,0.7359021690637931,814863,149861,281,KG
0.5781504511833191,0.7798056347167098,0.7364198251991284,816335,150830,282,KG
0.5778875350952148,0.7799725608159257,0.7368929501563528,817708,151760,283,KG
0.5776251554489136,0.7801040669302064,0.7373171077536634,819010,152713,284,KG
0.5773632526397705,0.7802969928055982,0.7378263158865032,820447,153638,285,KG
0.5771018862724304,0.7805125271820124,0.7383536372550649,821881,154500,286,KG
0.5768407583236694,0.7807420034673904,0.7388914366844873,823312,155322,287,KG
0.5765801072120667,0.7808991325494966,0.7393378738642136,824629,156222,288,KG
0.5763199925422668,0.7810717107739681,0.7398074956929926,825991,157126,289,KG
0.5760601758956909,0.7812103762469059,0.7402119595588285,827205,157972,290,KG
0.5758008360862732,0.7813253027937701,0.7405915756875731,828405,158867,291,KG
0.5755419731140137,0.781396519571991,0.7409149757034521,829531,159804,292,KG
0.5752835869789124,0.7814605769915546,0.7412289566571051,830646,160749,293,KG
0.5750254988670349,0.7815140837773078,0.7415337968343035,831764,161725,294,KG
0.5747679471969604,0.78157663396347,0.7418455376193481,832880,162675,295,KG
0.5745108127593994,0.7816553869086982,0.7421761818485995,834019,163605,296,KG
0.5742540955543518,0.7816388073412818,0.742372564884546,834939,164569,297,KG
0.5739977955818176,0.7815950975726383,0.7425393819004943,835835,165581,298,KG
0.5737418532371521,0.7815317937697753,0.7426695900722566,836647,166561,299,KG
0.5734865069389343,0.781448895932693,0.7427763019597582,837432,167566,300,KG
0.5732313990592957,0.7813546938450994,0.7428695505747432,838202,168586,301,KG
0.57297682762146,0.7812793321750244,0.7429970804380495,839051,169635,302,KG
0.5727224946022034,0.7811926662544383,0.7431047602194302,839857,170671,303,KG
0.5724687576293945,0.7811112756507574,0.7432157289880993,840658,171688,304,KG
0.5722154378890991,0.7810287546220255,0.7433175984300139,841424,172673,305,KG
0.5719625353813171,0.7809891897452361,0.7434605674334845,842207,173561,306,KG
0.5717100501060486,0.7809481176350452,0.7436065371324737,843010,174473,307,KG
0.5714579224586487,0.7809266395590739,0.7437682017868602,843808,175328,308,KG
0.571206271648407,0.7808927268075402,0.7439084436638389,844560,176170,309,KG
0.5709549784660339,0.7808622053311599,0.7440478312439072,845296,176987,310,KG
0.5707041025161743,0.780836205554984,0.7441848804693088,846005,177765,311,KG
0.5704537630081177,0.780789858127888,0.7443081303382224,846732,178615,312,KG
0.5702036619186401,0.780728438366777,0.7444003939072631,847380,179426,313,KG
0.5699540376663208,0.7806263233038254,0.7444442347206852,847970,180287,314,KG
0.5697048902511597,0.7805426718500423,0.744510523607545,848589,181128,315,KG
0.5694560408592224,0.7804544986960547,0.7445730345895751,849209,181982,316,KG
0.5692076683044434,0.7803874268096881,0.7446626837136007,849869,182820,317,KG
0.5689597129821777,0.7803162100314672,0.7447434878092349,850506,183646,318,KG
0.5687121152877808,0.780234442619436,0.7448099274153358,851120,184477,319,KG
0.5684649348258972,0.780151921590704,0.7448858945836656,851780,185356,320,KG
0.5682182312011719,0.7800682701369208,0.7449549879440577,852414,186212,321,KG
0.5679718852043152,0.780000067825503,0.7450422294236091,853070,187049,322,KG
0.5677258968353271,0.7799390248727424,0.745137982454188,853737,187878,323,KG
0.5674803853034973,0.7798549966106089,0.7452168968091712,854418,188782,324,KG
0.5672352313995361,0.7797698379234242,0.7452820732293012,855042,189632,325,KG
0.5669905543327332,0.779703142845408,0.7453644038305162,855672,190439,326,KG
0.566746175289154,0.7796443607427496,0.7454587635753948,856326,191249,327,KG
0.5665021538734436,0.7795674918392731,0.7455239323188203,856919,192046,328,KG
0.5662585496902466,0.779520013987126,0.7456125363185521,857504,192757,329,KG
0.5660154223442078,0.7794812027270374,0.7457179951092595,858132,193488,330,KG
0.5657726526260376,0.7794216670076782,0.7458064000653085,858764,194278,331,KG
0.5655303597450256,0.7793934063814001,0.7459180347718383,859380,194969,332,KG
0.5652883648872375,0.7793655225634725,0.7460261210942736,859979,195642,333,KG
0.5650467872619629,0.7793455517209026,0.7461375792577667,860563,196279,334,KG
0.5648055672645569,0.7793056100357629,0.746227384672445,861127,196949,335,KG
0.5645648241043091,0.7792954362103027,0.7463494380003162,861722,197571,336,KG
0.5643244385719299,0.7792939289769013,0.7464805496943137,862325,198178,337,KG
0.5640843510627747,0.7792777262178352,0.7465925697124807,862899,198795,338,KG
0.5638447403907776,0.7792264802821842,0.7466639339938446,863425,199457,339,KG
0.5636054873466492,0.7791729734964311,0.7467413879384034,863988,200162,340,KG
0.563366711139679,0.7791164522438749,0.7468128959584809,864536,200860,341,KG
0.5631282329559326,0.7790776409837863,0.7469034143275446,865102,201529,342,KG
0.5628901720046997,0.779026018239785,0.746981350080552,865661,202225,343,KG
0.5626524686813354,0.7789642216703236,0.7470448316248295,866194,202922,344,KG
0.5624151229858398,0.7788926280837525,0.747095514015147,866707,203625,345,KG
0.5621781945228577,0.7788394981063497,0.7471636568999481,867228,204287,346,KG
0.5619416832923889,0.7787878753623483,0.7472393293102974,867778,204974,347,KG
0.5617054104804993,0.7786921660413532,0.7472666402740245,868279,205729,348,KG
0.5614696741104126,0.7785972103370589,0.747296520829606,868789,206491,349,KG
0.5612342953681946,0.7785192110085313,0.7473462547105456,869324,207233,350,KG
0.5609992146492004,0.77846758826453,0.7474205810480586,869869,207915,351,KG
0.5607645511627197,0.7784125742453754,0.7474906392772491,870408,208600,352,KG
0.5605303645133972,0.7783583138429214,0.7475562819091043,870924,209260,353,KG
0.560296356678009,0.7783059374822193,0.7476258434856166,871451,209926,354,KG
0.5600628852844238,0.7782659957970797,0.747706561653908,871981,210562,355,KG
0.5598297119140625,0.7782170107115309,0.7477728072720323,872480,211191,356,KG
0.5595968961715698,0.7781518228669162,0.7478239192839172,872973,211857,357,KG
0.5593644976615906,0.7781047218231194,0.7478935870261828,873481,212490,358,KG
0.55913245677948,0.7780527222707677,0.7479633399043318,874009,213156,359,KG
0.558900773525238,0.778018809519234,0.748046653639368,874529,213766,360,KG
0.5586695075035095,0.7779543752913199,0.7480973070760855,875018,214426,361,KG
0.5584385395050049,0.7779042597807202,0.7481611340104434,875512,215053,362,KG
0.5582079887390137,0.7778797672379458,0.7482713560972277,876121,215727,363,KG
0.5579777359962463,0.7778379415110542,0.7483512989216379,876658,216375,364,KG
0.5577479004859924,0.7778224923686888,0.7484734703349449,877288,217046,365,KG
0.557518482208252,0.7778224923686888,0.7486075202433983,877913,217671,366,KG
0.5572893619537354,0.777807420034674,0.7487171008054928,878484,218282,367,KG
0.5570605993270874,0.7777686087745853,0.7487925688945983,878990,218891,368,KG
0.5568321943283081,0.7777124643303795,0.7488432489505369,879449,219499,369,KG
0.556604266166687,0.7776487837191662,0.7488877228862905,879909,220128,370,KG
0.556376576423645,0.7776148709676325,0.7489652244817403,880406,220715,371,KG
0.5561492443084717,0.7775572192900252,0.7490236592054078,880908,221370,372,KG
0.5559223890304565,0.7775229297301411,0.749093029254667,881369,221922,373,KG
0.5556957721710205,0.7774833648533518,0.7491615071463038,881847,222505,374,KG
0.5554695129394531,0.7774264667924453,0.7492123094141179,882311,223120,375,KG
0.5552436709403992,0.777368815114838,0.7492581728304526,882755,223717,376,KG
0.5550181865692139,0.7773081489704277,0.749305706673318,883219,224342,377,KG
0.5547930002212524,0.7772636855850835,0.7493645209558623,883672,224913,378,KG
0.5545682311058044,0.7772252511333453,0.7494379236762864,884170,225513,379,KG
0.5543438792228699,0.777207917949228,0.7495303118813832,884674,226063,380,KG
0.5541197061538696,0.7771630777555335,0.7495928735295387,885147,226655,381,KG
0.5538960099220276,0.7771559183968764,0.7497040586186129,885700,227227,382,KG
0.5536725521087646,0.7771246433037954,0.7497795962846956,886181,227791,383,KG
0.5534496307373047,0.7770816871518527,0.7498439685602992,886656,228380,384,KG
0.553226888179779,0.7770229050491942,0.7498886284348724,887101,228981,385,KG
0.5530045032501221,0.7769690214550906,0.7499261686582469,887493,229516,386,KG
0.5527825951576233,0.7769091089273811,0.7499569221828797,887877,230059,387,KG
0.5525609254837036,0.7768503268247227,0.7499845906647292,888242,230580,388,KG
0.5523396134376526,0.7767723274961952,0.749986811802951,888563,231108,389,KG
0.5521185994148254,0.776703748376427,0.7500041131691019,888918,231645,390,KG
0.5518981218338013,0.7766227345810965,0.7500052713567966,889246,232188,391,KG
0.5516778230667114,0.7765451120609194,0.7500073772737812,889565,232713,392,KG
0.5514578819274902,0.7764610837987859,0.749997787564935,889854,233225,393,KG
0.5512382388114929,0.7763702729863456,0.7499854663286429,890157,233769,394,KG
0.5510190725326538,0.7762937808912196,0.7499923147378063,890494,234309,395,KG
0.5508001446723938,0.7762259553881522,0.7500095766933172,890846,234841,396,KG
0.5505816340446472,0.7761419271260187,0.7500126237123813,891195,235413,397,KG
0.5503634214401245,0.7760684494976956,0.750024081242752,891542,235955,398,KG
0.5501455068588257,0.7759942182526719,0.7500380525503618,891904,236514,399,KG
0.5499280095100403,0.7759214942410496,0.7500553751281404,892276,237079,400,KG
0.5497108101844788,0.7758370891705657,0.7500568244601046,892619,237646,401,KG
0.5494939684867859,0.7757685100507975,0.7500790608619545,892998,238207,402,KG
0.5492773652076721,0.7756954092308249,0.750096871440788,893374,238777,403,KG
0.5490612387657166,0.7756279605361078,0.7501210674074789,893758,239340,404,KG
0.5488454103469849,0.7755887724676689,0.750170312300743,894149,239835,405,KG
0.548629879951477,0.7755804826839606,0.7502503451156284,894564,240272,406,KG
0.5484147071838379,0.7755601350330404,0.7503204652593861,894980,240742,407,KG
0.5481998324394226,0.7755612654580916,0.7504182874037771,895443,241202,408,KG
0.547985315322876,0.7755544829077848,0.7505083873972701,895901,241678,409,KG
0.5477710366249084,0.7755563669495367,0.7506058540490478,896360,242132,410,KG
0.5475572347640991,0.7755782218338584,0.7507257416460189,896847,242561,411,KG
0.5473437309265137,0.7756313518112612,0.7508793245047354,897371,242944,412,KG
0.5471304655075073,0.7756780760467077,0.7510357809141972,897935,243384,413,KG
0.5469175577163696,0.7757097279481391,0.7511635266531527,898422,243787,414,KG
0.5467050075531006,0.7757666260090457,0.7513178250516724,898936,244150,415,KG
0.5464927554130554,0.7758167415196454,0.7514653216606102,899445,244526,416,KG
0.5462808012962341,0.7758653497968437,0.7516135282484366,899964,244916,417,KG
0.5460692644119263,0.7759207406243488,0.7517720371884664,900506,245311,418,KG
0.5458580255508423,0.7759791459186569,0.7519304479607309,901036,245686,419,KG
0.5456470251083374,0.7760552612054326,0.7521057579769374,901577,246025,420,KG
0.545436441898346,0.7761159273498428,0.7522641541688748,902099,246386,421,KG
0.5452261567115784,0.7761611443518878,0.7524052418287632,902600,246767,422,KG
0.5450161695480347,0.7762508247392769,0.7526034299655987,903199,247128,423,KG
0.5448065400123596,0.776331461726257,0.7527891994500938,903775,247490,424,KG
0.5445972084999084,0.7764203884969454,0.752988507230491,904384,247863,425,KG
0.5443881750106812,0.7764897212334143,0.7531670405570113,904972,248267,426,KG
0.5441794395446777,0.7765967348049206,0.7533878427410382,905614,248625,427,KG
0.543971061706543,0.7766754877501489,0.7535753310060488,906209,249011,428,KG
0.5437629818916321,0.7767553711204284,0.7537640155705935,906806,249396,429,KG
0.5435552597045898,0.7768544717165768,0.7539773112026092,907446,249773,430,KG
0.5433477759361267,0.7769433984872652,0.7541760500183341,908057,250148,431,KG
0.543140709400177,0.777057948225779,0.7544024451040842,908700,250487,432,KG
0.5429339408874512,0.7771562952052268,0.7546098972959695,909317,250843,433,KG
0.5427274107933044,0.7772418307007618,0.7547992154185437,909898,251197,434,KG
0.5425212383270264,0.7773055113119751,0.7549623074429014,910440,251570,435,KG
0.5423153042793274,0.7773782353235974,0.755132584070349,910981,251918,436,KG
0.5421097278594971,0.777436263809555,0.7552830286394946,911485,252268,437,KG
0.5419045090675354,0.7775097414378781,0.7554490309658534,912003,252591,438,KG
0.5416994690895081,0.7775835958745515,0.7556134092497457,912512,252904,439,KG
0.5414949059486389,0.7776371026603046,0.755754719167718,912991,253241,440,KG
0.5412905812263489,0.7777090730552262,0.7559126727171546,913477,253536,441,KG
0.5410865545272827,0.7777742608998409,0.7560683255863587,913980,253866,442,KG
0.5408828258514404,0.7778379415110542,0.7562189918706448,914465,254182,443,KG
0.540679395198822,0.7779204625397863,0.7563946557855701,914997,254495,444,KG
0.5404763221740723,0.77799469378481,0.75655527279083,915489,254790,445,KG
0.5402734875679016,0.7780696786465345,0.756718621306111,915992,255094,446,KG
0.5400710105895996,0.7781480547834124,0.7568828667675859,916486,255380,447,KG
0.5398687720298767,0.7782143730530784,0.7570364047051364,916977,255695,448,KG
0.5396668314933777,0.7783104591824238,0.7572247441891942,917519,255982,449,KG
0.5394652485847473,0.7784280233877406,0.7574389692054415,918102,256253,450,KG
0.5392640233039856,0.7785467180181087,0.7576501830897635,918666,256502,451,KG
0.539063036441803,0.7786544852063157,0.7578499995877751,919219,256769,452,KG
0.5388622879981995,0.7787479336772086,0.7580382095682983,919774,257076,453,KG
0.5386618971824646,0.7788617297990217,0.7582397664095019,920312,257312,454,KG
0.5384618043899536,0.7789936127216528,0.758466731018215,920903,257553,455,KG
0.5382619500160217,0.7790983654430569,0.7586599262284284,921438,257810,456,KG
0.5380625128746033,0.7792185673068264,0.758866593768661,921977,258030,457,KG
0.5378632545471191,0.7793350010870921,0.7590725864513299,922529,258273,458,KG
0.5376643538475037,0.7794657535846721,0.7592946668174667,923103,258500,459,KG
0.5374657511711121,0.7795852018317407,0.7595072330537358,923677,258757,460,KG
0.5372674465179443,0.7797084181623132,0.7597192213525923,924233,258986,461,KG
0.5370693802833557,0.7798180693922722,0.7599131250811474,924755,259217,462,KG
0.536871612071991,0.7799156627550192,0.7600979036317088,925282,259485,463,KG
0.5366742610931396,0.7800140097344669,0.7602772800212863,925779,259721,464,KG
0.5364769697189331,0.780124791389477,0.7604751091473617,926318,259966,465,KG
0.53628009557724,0.7802114573100631,0.7606432090527907,926808,260226,466,KG
0.5360835194587708,0.7803222389650732,0.7608351055450535,927318,260442,467,KG
0.5358872413635254,0.7804349046618352,0.7610347204764403,927860,260685,468,KG
0.5356912612915039,0.7805230778158229,0.7612058945918412,928361,260952,469,KG
0.5354955196380615,0.7806346130875337,0.7614045225873216,928904,261199,470,KG
0.535300076007843,0.7807340904920326,0.7615842458762974,929402,261433,471,KG
0.5351049304008484,0.7808471329971449,0.7617754843825711,929902,261633,472,KG
0.5349100828170776,0.7809503784851475,0.7619594757555147,930407,261864,473,KG
0.534715473651886,0.7810656818403622,0.7621603499747638,930948,262099,474,KG
0.5345211625099182,0.7811877677458835,0.7623667121309404,931489,262316,475,KG
0.5343272686004639,0.7812989262092439,0.7625602084088453,932011,262543,476,KG
0.5341334939002991,0.781418751264663,0.7627646417950001,932553,262767,477,KG
0.5339400172233582,0.7815219967526656,0.76294533709473,933044,262984,478,KG
0.5337468385696411,0.7816320247909749,0.763137931936488,933568,263216,479,KG
0.5335540175437927,0.7817299949620724,0.7633175261725234,934077,263465,480,KG
0.5333613753318787,0.7818607474596523,0.7635307107031301,934620,263661,481,KG
0.5331690907478333,0.7819613552892023,0.7637101338488339,935118,263892,482,KG
0.5329769849777222,0.7820792963028695,0.7639091924832454,935644,264105,483,KG
0.5327852368354797,0.7821652086067549,0.7640664134446291,936091,264324,484,KG
0.5325937867164612,0.7822812655786703,0.7642615755388903,936606,264531,485,KG
0.5324025750160217,0.7823773517080157,0.7644349092273619,937094,264764,486,KG
0.5322116613388062,0.7824839884711717,0.764615910941591,937577,264964,487,KG
0.5320209264755249,0.7825876107675247,0.764794701252452,938062,265174,488,KG
0.5318306088447571,0.7826950011473814,0.7649776571487954,938553,265380,489,KG
0.5316405296325684,0.7828178406696035,0.7651755867320436,939056,265557,490,KG
0.5314506888389587,0.7829029993567882,0.7653309557431796,939500,265775,491,KG
0.5312610864639282,0.7829987086777833,0.7654963056769803,939951,265972,492,KG
0.5310717821121216,0.7830834905566175,0.7656494764781554,940386,266182,493,KG
0.5308827757835388,0.7831852288112187,0.765820595324047,940842,266368,494,KG
0.5306940674781799,0.7832722715401551,0.7659731854659056,941265,266560,495,KG
0.5305055379867554,0.7833547925688872,0.7661215789644961,941686,266762,496,KG
0.5303173661231995,0.783445226572977,0.7662764414649997,942107,266943,497,KG
0.5301294326782227,0.7835386750438699,0.7664409381718594,942566,267154,498,KG
0.5299417972564697,0.7836426741485732,0.7666150186729447,943030,267342,499,KG
0.5297544002532959,0.7837202966687504,0.7667544960403636,943427,267533,500,KG
